"","Player","...1","seasonStartYear","salary","inflationAdjSalary","Rk","Age","Team","Pos","G","GS","MP","FG","FGA","FG%","3P","3PA","3P%","2P","2PA","2P%","eFG%","FT","FTA","FT%","ORB","DRB","TRB","AST","STL","BLK","TOV","PF","PTS","Trp-Dbl","Awards","Player-additional"
"1","Aaron Gordon",77,2021,"16409091","17895714",74,26,"DEN","PF",75,75,2376,434,834,0.52,87,260,0.335,347,574,0.605,0.573,171,230,0.743,125,314,439,188,44,44,133,148,1126,0,NA,"gordoaa01"
"2","Aaron Henry",566,2021,"223338","243571",781,22,"PHI","SF",6,0,17,1,5,0.2,0,1,0,1,4,0.25,0.2,0,0,NA,0,1,1,0,0,2,2,2,2,0,NA,"henryaa01"
"3","Aaron Nesmith",265,2021,"3631200","3960177",464,22,"BOS","SF",52,3,574,72,182,0.396,31,115,0.27,41,67,0.612,0.481,21,26,0.808,15,74,89,22,20,5,31,70,196,0,NA,"nesmiaa01"
"4","Aaron Wiggins",451,2021,"1305761","1424059",309,23,"OKC","SG",50,35,1209,156,337,0.463,42,138,0.304,114,199,0.573,0.525,62,85,0.729,51,127,178,68,30,10,54,93,416,0,NA,"wiggiaa01"
"5","Abdel Nader",366,2021,"2000000","2181195",652,28,"PHO","SF",14,0,145,12,35,0.343,4,14,0.286,8,21,0.381,0.4,6,10,0.6,4,23,27,7,8,4,11,20,34,0,NA,"naderab01"
"6","Ade Murkey",644,2021,"53176","57993",807,24,"SAC","SG",1,0,1,0,0,NA,0,0,NA,0,0,NA,NA,0,0,NA,0,0,0,0,0,0,0,0,0,0,NA,"murkead01"
"7","Admiral Schofield",490,2021,"723741","789309",511,24,"ORL","SF",38,1,469,54,129,0.419,26,79,0.329,28,50,0.56,0.519,12,15,0.8,17,72,89,25,4,5,21,58,146,0,NA,"schofad01"
"8","Ahmad Caver",633,2021,"53176","57993",779,25,"IND","SG",1,0,1,1,1,1,0,0,NA,1,1,1,1,0,0,NA,0,0,0,0,0,0,0,0,2,0,NA,"caverah01"
"9","Al Horford",40,2021,"27000000","29446134",176,35,"BOS","C",69,69,2005,266,569,0.467,89,265,0.336,177,304,0.582,0.546,80,95,0.842,108,422,530,232,49,92,65,130,701,0,"DPOY-9","horfoal01"
"10","Alec Burks",138,2021,"9536000","10399938",106,30,"NYK","SG",81,44,2318,285,728,0.391,157,389,0.404,128,339,0.378,0.499,217,264,0.822,47,350,397,239,85,26,91,215,944,0,NA,"burksal01"
"11","Aleem Ford",640,2021,"53176","57993",719,24,"ORL","SF",5,0,74,6,20,0.3,2,15,0.133,4,5,0.8,0.35,0,0,NA,2,13,15,2,1,0,4,7,14,0,NA,"fordal03"
"12","Aleksej Pokusevski",280,2021,"3113160","3395204",291,20,"OKC","PF",61,12,1233,186,456,0.408,57,197,0.289,129,259,0.498,0.47,35,50,0.7,73,245,318,131,39,38,94,88,464,1,NA,"pokusal01"
"13","Alex Caruso",151,2021,"8600000","9379139",390,27,"CHI","SG",41,18,1147,102,256,0.398,42,126,0.333,60,130,0.462,0.48,58,73,0.795,33,115,148,165,71,15,57,106,304,0,NA,"carusal01"
"14","Alex Len",263,2021,"3732000","4070110",432,28,"SAC","C",39,10,620,94,176,0.534,6,21,0.286,88,155,0.568,0.551,41,63,0.651,52,109,161,45,13,25,43,100,235,0,NA,"lenal01"
"15","Alfonzo McKinnie",456,2021,"1090007","1188758",615,29,"CHI","SF",17,3,206,24,61,0.393,9,27,0.333,15,34,0.441,0.467,2,8,0.25,13,20,33,5,2,3,7,26,59,0,NA,"mckinal01"
"16","Amir Coffey",496,2021,"573576","625540",218,24,"LAC","SG",69,30,1567,211,466,0.453,96,254,0.378,115,212,0.542,0.556,101,117,0.863,26,171,197,124,38,15,45,87,619,0,NA,"coffeam01"
"17","Andre Iguodala",299,2021,"2641691","2881021",534,38,"GSW","SF",31,0,603,46,121,0.38,17,74,0.23,29,47,0.617,0.45,15,20,0.75,21,79,100,114,27,22,28,34,124,0,NA,"iguodan01"
"18","Andrew Wiggins",25,2021,"31579390","34440406",55,26,"GSW","SF",73,73,2330,475,1019,0.466,157,399,0.393,318,620,0.513,0.543,149,235,0.634,85,240,325,161,76,51,111,158,1256,0,"AS","wiggian01"
"19","Anfernee Simons",256,2021,"3938818","4295665",93,22,"POR","SG",57,30,1681,353,797,0.443,179,442,0.405,174,355,0.49,0.555,103,116,0.888,26,125,151,221,30,6,115,110,988,0,NA,"simonan01"
"20","Anthony Davis",14,2021,"35361360","38565013",112,28,"LAL","C",40,40,1404,370,695,0.532,13,70,0.186,357,625,0.571,0.542,174,244,0.713,106,288,394,122,49,90,82,97,927,0,NA,"davisan02"
"21","Anthony Edwards",124,2021,"10245480","11173695",19,20,"MIN","SG",72,72,2466,549,1245,0.441,215,602,0.357,334,643,0.519,0.527,220,280,0.786,62,281,343,275,105,46,190,164,1533,0,NA,"edwaran01"
"22","Anthony Gill",443,2021,"1517981","1655506",480,29,"WAS","PF",44,0,463,62,109,0.569,14,26,0.538,48,83,0.578,0.633,42,52,0.808,33,52,85,27,5,11,18,58,180,0,NA,"gillan01"
"23","Anthony Lamb",597,2021,"136095","148424",803,24,"SAS","SF",2,0,8,0,2,0,0,2,0,0,0,NA,0,0,0,NA,0,1,1,2,0,0,0,0,0,0,NA,"lamban01"
"24","Arnoldas Kulboka",513,2021,"462629","504542",802,24,"CHO","SF",2,0,5,0,1,0,0,1,0,0,0,NA,0,0,0,NA,0,0,0,0,0,0,0,1,0,0,NA,"kulboar01"
"25","Austin Reaves",469,2021,"925258","1009084",300,23,"LAL","SG",61,19,1418,146,318,0.459,53,167,0.317,93,151,0.616,0.542,99,118,0.839,45,148,193,110,29,20,40,87,444,1,NA,"reaveau01"
"26","Austin Rivers",319,2021,"2401537","2619110",320,29,"DEN","SG",67,18,1480,146,350,0.417,79,231,0.342,67,119,0.563,0.53,32,44,0.727,19,95,114,90,51,6,54,121,403,0,NA,"riverau01"
"27","Avery Bradley",301,2021,"2641691","2881021",324,31,"LAL","SG",62,45,1406,148,350,0.423,82,210,0.39,66,140,0.471,0.54,16,18,0.889,31,105,136,47,53,9,38,118,394,0,NA,"bradlav01"
"28","Ayo Dosunmu",465,2021,"925258","1009084",188,22,"CHI","SG",77,40,2110,278,535,0.52,70,186,0.376,208,349,0.596,0.585,53,78,0.679,27,187,214,256,60,29,108,182,679,0,NA,"dosunay01"
"29","Bam Adebayo",37,2021,"28103500","30649609",77,24,"MIA","C",56,56,1825,406,729,0.557,0,6,0,406,723,0.562,0.557,256,340,0.753,137,427,564,190,80,44,148,171,1068,0,"DPOY-4","adebaba01"
"30","Ben McLemore",326,2021,"2389641","2606136",201,28,"POR","SG",64,6,1285,216,539,0.401,151,417,0.362,65,122,0.533,0.541,72,88,0.818,12,91,103,59,38,10,55,103,655,0,NA,"mclembe01"
"31","Bismack Biyombo",428,2021,"1518213","1655759",446,29,"PHO","C",36,3,506,86,145,0.593,0,0,NA,86,145,0.593,0.593,38,71,0.535,63,104,167,23,12,26,25,70,210,0,NA,"biyombi01"
"32","Blake Griffin",21,2021,"32405817","35341704",347,32,"BRK","C",56,24,958,133,313,0.425,38,145,0.262,95,168,0.565,0.486,55,76,0.724,60,168,228,105,27,14,31,95,359,0,NA,"griffbl01"
"33","Bobby Portis",236,2021,"4347600","4741482",79,26,"MIL","C",72,59,2028,417,871,0.479,133,338,0.393,284,533,0.533,0.555,85,113,0.752,180,477,657,86,53,51,90,174,1052,0,NA,"portibo01"
"34","Bol Bol",345,2021,"2161152","2356947",653,22,"DEN","PF",14,0,81,15,27,0.556,1,4,0.25,14,23,0.609,0.574,2,5,0.4,4,16,20,5,1,2,4,4,33,0,NA,"bolbo01"
"35","Bones Hyland",349,2021,"2096880","2286852",178,21,"DEN","SG",69,4,1310,230,571,0.403,131,358,0.366,99,213,0.465,0.518,107,125,0.856,14,174,188,191,41,20,86,153,698,0,NA,"hylanbo01"
"36","Bradley Beal",18,2021,"33724200","36779530",111,28,"WAS","SG",40,40,1439,348,771,0.451,63,210,0.3,285,561,0.508,0.492,169,203,0.833,38,151,189,265,36,15,135,95,928,0,NA,"bealbr01"
"37","Brandon Clarke",292,2021,"2726880","2973928",193,25,"MEM","PF",64,1,1246,288,447,0.644,5,22,0.227,283,425,0.666,0.65,85,130,0.654,135,207,342,86,39,68,34,122,666,0,"6MOY-11","clarkbr01"
"38","Brandon Goodwin",541,2021,"343988","375152",484,26,"CLE","PG",36,5,502,64,154,0.416,19,55,0.345,45,99,0.455,0.477,24,38,0.632,14,53,67,91,25,1,36,39,171,0,NA,"goodwbr01"
"39","Brandon Ingram",35,2021,"29467800","32137511",57,24,"NOP","SF",55,55,1869,453,983,0.461,74,226,0.327,379,757,0.501,0.498,266,322,0.826,35,285,320,307,34,26,151,119,1246,0,NA,"ingrabr01"
"40","Brandon Knight",554,2021,"274672","299556",656,30,"DAL","PG",5,0,65,10,25,0.4,4,17,0.235,6,8,0.75,0.48,8,8,1,0,8,8,8,1,0,4,5,32,0,NA,"knighbr03"
"41","Brandon Williams",581,2021,"180798","197177",389,22,"POR","PG",24,16,640,105,282,0.372,31,106,0.292,74,176,0.42,0.427,68,97,0.701,19,55,74,94,24,10,58,52,309,0,NA,"willibr03"
"42","Brodric Thomas",510,2021,"462629","504542",687,25,"BOS","SG",12,0,60,8,18,0.444,2,9,0.222,6,9,0.667,0.5,3,5,0.6,2,8,10,11,1,1,6,7,21,0,NA,"thomabr01"
"43","Brook Lopez",98,2021,"13302325","14507483",497,33,"MIL","C",13,11,298,61,131,0.466,19,53,0.358,42,78,0.538,0.538,20,23,0.87,19,34,53,6,8,15,12,34,161,0,NA,"lopezbr01"
"44","Bruce Brown",222,2021,"4736102","5165181",207,25,"BRK","SF",72,45,1774,256,506,0.506,38,94,0.404,218,412,0.529,0.543,97,128,0.758,100,245,345,148,77,52,56,176,647,0,NA,"brownbr01"
"45","Cade Cunningham",126,2021,"10050120","10960636",76,20,"DET","SG",64,64,2088,429,1031,0.416,114,363,0.314,315,668,0.472,0.471,142,168,0.845,58,296,354,356,78,43,234,200,1114,2,"ROY-3","cunnica01"
"46","Caleb Martin",481,2021,"844011","920476",247,26,"MIA","SF",60,12,1372,208,410,0.507,64,155,0.413,144,255,0.565,0.585,71,93,0.763,70,160,230,64,58,30,52,104,551,0,NA,"martica02"
"47","Cam Thomas",357,2021,"2036280","2220762",242,20,"BRK","SG",67,2,1176,218,503,0.433,47,174,0.27,171,329,0.52,0.48,87,105,0.829,16,145,161,78,33,8,55,66,570,0,NA,"thomaca02"
"48","Cameron Johnson",234,2021,"4437000","4838981",146,25,"PHO","PF",66,16,1730,279,607,0.46,166,391,0.425,113,216,0.523,0.596,98,114,0.86,42,231,273,99,57,16,47,113,822,0,"6MOY-3","johnsca02"
"49","Cameron McGriff",642,2021,"53176","57993",720,24,"POR","SF",3,0,46,5,14,0.357,2,6,0.333,3,8,0.375,0.429,2,2,1,6,9,15,3,0,1,0,7,14,0,NA,"mcgrica01"
"50","Cameron Oliver",618,2021,"85578","93331",683,25,"ATL","SF",2,0,43,10,15,0.667,1,3,0.333,9,12,0.75,0.7,2,3,0.667,2,4,6,3,1,1,0,5,23,0,NA,"oliveca01"
"51","Cameron Payne",180,2021,"6500000","7088884",216,27,"PHO","PG",58,12,1278,240,587,0.409,71,211,0.336,169,376,0.449,0.469,75,89,0.843,24,151,175,282,40,17,103,119,626,0,NA,"payneca01"
"52","Carmelo Anthony",302,2021,"2641691","2881021",114,37,"LAL","PF",69,3,1793,319,723,0.441,149,397,0.375,170,326,0.521,0.544,132,159,0.83,62,226,288,68,47,52,59,166,919,0,NA,"anthoca01"
"53","Carsen Edwards",380,2021,"1859365","2027818",682,23,"DET","SG",4,0,79,9,30,0.3,4,16,0.25,5,14,0.357,0.367,1,1,1,2,4,6,14,2,0,5,4,23,0,NA,"edwarca01"
"54","Cassius Stanley",559,2021,"256734","279993",620,22,"DET","SG",9,1,155,19,46,0.413,4,17,0.235,15,29,0.517,0.457,10,10,1,5,14,19,4,5,2,6,17,52,0,NA,"stanlca01"
"55","Cassius Winston",531,2021,"462629","504542",721,23,"WAS","PG",7,0,39,4,11,0.364,2,6,0.333,2,5,0.4,0.455,4,4,1,0,1,1,7,0,0,3,9,14,0,NA,"winstca01"
"56","Cedi Osman",161,2021,"8133334","8870194",175,26,"CLE","SF",66,3,1462,247,572,0.432,128,359,0.357,119,213,0.559,0.544,87,131,0.664,25,121,146,135,52,10,67,127,709,0,NA,"osmande01"
"57","Chandler Hutchison",240,2021,"4224186","4606886",768,25,"PHO","SF",6,0,22,1,2,0.5,0,0,NA,1,2,0.5,0.5,2,2,1,0,5,5,2,0,0,4,1,4,0,NA,"hutchch01"
"58","Charles Bassey",472,2021,"925258","1009084",601,21,"PHI","C",23,0,168,30,47,0.638,0,4,0,30,43,0.698,0.638,9,12,0.75,22,40,62,7,5,17,8,32,69,0,NA,"bassech01"
"59","Cheick Diallo",608,2021,"102831","112147",732,25,"DET","C",3,0,31,3,8,0.375,0,0,NA,3,8,0.375,0.375,5,6,0.833,4,8,12,0,1,0,1,6,11,0,NA,"diallch01"
"60","Chimezie Metu",405,2021,"1762796","1922501",258,24,"SAC","C",60,20,1279,203,449,0.452,57,186,0.306,146,263,0.555,0.516,71,91,0.78,34,301,335,60,51,32,61,93,534,0,NA,"metuch01"
"61","Chris Boucher",173,2021,"7020000","7655995",163,29,"TOR","SF",80,9,1690,268,577,0.464,68,229,0.297,200,348,0.575,0.523,150,193,0.777,179,315,494,25,49,75,42,174,754,0,NA,"bouchch01"
"62","Chris Chiozza",518,2021,"462629","504542",608,26,"GSW","PG",34,1,372,24,81,0.296,17,53,0.321,7,28,0.25,0.401,2,3,0.667,9,27,36,65,13,0,32,32,67,0,NA,"chiozch01"
"63","Chris Duarte",262,2021,"3749400","4089086",172,24,"IND","SG",55,39,1541,268,621,0.432,94,255,0.369,174,366,0.475,0.507,90,112,0.804,41,185,226,114,56,10,90,95,720,0,NA,"duartch01"
"64","Chris Paul",31,2021,"30800000","33590405",101,36,"PHO","PG",65,65,2139,363,736,0.493,63,199,0.317,300,537,0.559,0.536,169,202,0.837,22,261,283,702,121,20,153,134,958,2,"MVP-9ASNBA3","paulch01"
"65","Christian Wood",94,2021,"13666667","14904833",60,26,"HOU","C",68,67,2094,440,878,0.501,131,336,0.39,309,542,0.57,0.576,207,332,0.623,110,576,686,155,54,65,126,171,1218,0,NA,"woodch01"
"66","Chuma Okeke",275,2021,"3277080","3573975",223,23,"ORL","PF",70,20,1749,216,575,0.376,118,371,0.318,98,204,0.48,0.478,55,65,0.846,47,300,347,118,97,42,57,95,605,0,NA,"okekech01"
"67","CJ Elleby",439,2021,"1517981","1655506",362,21,"POR","SF",58,28,1174,121,308,0.393,37,126,0.294,84,182,0.462,0.453,60,84,0.714,66,161,227,87,35,19,56,116,339,0,NA,"ellebcj01"
"68","Clint Capela",70,2021,"17603448","19198277",147,27,"ATL","C",74,73,2042,370,604,0.613,0,1,0,370,603,0.614,0.613,80,169,0.473,279,598,877,92,55,93,44,166,820,0,NA,"capelca01"
"69","Coby White",192,2021,"5837760","6366646",159,21,"CHI","PG",61,17,1675,279,644,0.433,136,353,0.385,143,291,0.491,0.539,78,91,0.857,17,165,182,176,29,11,70,137,772,0,NA,"whiteco01"
"70","Cody Martin",392,2021,"1782621","1944122",251,26,"CHO","SF",71,11,1866,204,423,0.482,61,159,0.384,143,264,0.542,0.554,75,107,0.701,82,203,285,179,88,32,61,116,544,0,NA,"martico01"
"71","Cody Zeller",327,2021,"2389641","2606136",518,29,"POR","C",27,0,355,51,90,0.567,0,4,0,51,86,0.593,0.567,38,49,0.776,50,75,125,22,8,6,19,56,140,0,NA,"zelleco01"
"72","Cole Anthony",269,2021,"3449400","3761907",78,21,"ORL","PG",65,65,2059,357,912,0.391,132,391,0.338,225,521,0.432,0.464,216,253,0.854,32,316,348,369,46,17,170,171,1062,0,NA,"anthoco01"
"73","Collin Sexton",184,2021,"6349671","6924935",482,23,"CLE","SG",11,11,316,68,151,0.45,11,45,0.244,57,106,0.538,0.487,29,39,0.744,13,23,36,23,10,0,31,25,176,0,NA,"sextoco01"
"74","Corey Kispert",270,2021,"3383640","3690189",212,22,"WAS","SF",77,36,1801,234,514,0.455,112,320,0.35,122,194,0.629,0.564,54,62,0.871,53,156,209,85,35,22,50,93,634,0,NA,"kispeco01"
"75","Cory Joseph",170,2021,"7310000","7972268",265,30,"DET","PG",65,39,1600,178,400,0.445,65,157,0.414,113,243,0.465,0.526,100,113,0.885,29,145,174,237,42,17,85,147,521,0,NA,"josepco01"
"76","Craig Sword",647,2021,"53176","57993",750,28,"WAS","SG",3,0,19,3,4,0.75,0,1,0,3,3,1,0.75,0,0,NA,0,0,0,1,4,0,1,7,6,0,NA,"swordcr01"
"77","D'Angelo Russell",32,2021,"30013500","32732650",65,25,"MIN","PG",65,65,2077,401,975,0.411,176,518,0.34,225,457,0.492,0.502,198,240,0.825,25,191,216,460,62,22,165,130,1176,0,NA,"russeda01"
"78","Daishen Nix",477,2021,"923078","1006706",590,19,"HOU","SG",24,0,261,27,67,0.403,7,26,0.269,20,41,0.488,0.455,16,30,0.533,7,26,33,40,15,0,26,21,77,0,NA,"nixda01"
"79","Dakota Mathias",584,2021,"171156","186662",747,26,"MEM","SG",6,0,16,2,6,0.333,2,6,0.333,0,0,NA,0.5,0,0,NA,0,2,2,1,1,0,0,1,6,0,NA,"mathida01"
"80","Dalano Banton",475,2021,"925258","1009084",455,22,"TOR","PG",64,1,696,83,202,0.411,13,51,0.255,70,151,0.464,0.443,26,44,0.591,38,86,124,99,28,10,53,68,205,0,NA,"bantoda01"
"81","Damian Jones",368,2021,"1977011","2156123",293,26,"SAC","C",56,15,1017,175,266,0.658,10,29,0.345,165,237,0.696,0.677,94,131,0.718,75,171,246,69,26,47,59,130,454,0,NA,"jonesda03"
"82","Damian Lillard",9,2021,"39344900","42909452",180,31,"POR","PG",29,29,1056,222,552,0.402,92,284,0.324,130,268,0.485,0.486,159,181,0.878,13,107,120,212,17,11,83,37,695,0,NA,"lillada01"
"83","Damion Lee",375,2021,"1910860","2083979",290,29,"GSW","SG",63,5,1256,169,383,0.441,63,187,0.337,106,196,0.541,0.523,66,75,0.88,27,176,203,63,39,6,38,95,467,0,NA,"leeda03"
"84","Damyean Dotson",573,2021,"205662","224294",765,27,"NYK","SG",2,0,21,2,4,0.5,0,1,0,2,3,0.667,0.5,0,0,NA,0,2,2,1,0,0,0,0,4,0,NA,"dotsoda01"
"85","Daniel Gafford",404,2021,"1782621","1944122",190,23,"WAS","C",72,53,1444,285,411,0.693,0,1,0,285,410,0.695,0.693,107,153,0.699,155,252,407,68,30,99,65,170,677,0,NA,"gaffoda01"
"86","Daniel Oturu",426,2021,"1603559","1748837",736,22,"TOR","C",3,0,27,3,6,0.5,0,1,0,3,5,0.6,0.5,3,5,0.6,1,4,5,0,0,2,0,1,9,0,NA,"oturuda01"
"87","Danilo Gallinari",52,2021,"20475000","22329985",160,33,"ATL","PF",66,18,1672,259,597,0.434,112,294,0.381,147,303,0.485,0.528,141,156,0.904,35,273,308,101,28,12,38,93,771,0,NA,"gallida01"
"88","Danny Green",127,2021,"10000000","10905975",338,34,"PHI","SF",62,28,1353,126,320,0.394,103,271,0.38,23,49,0.469,0.555,11,14,0.786,32,125,157,64,60,37,45,105,366,0,NA,"greenda02"
"89","DaQuan Jeffries",612,2021,"95930","104621",782,24,"MEM","SG",3,0,9,1,2,0.5,0,1,0,1,1,1,0.5,0,0,NA,0,2,2,1,0,0,0,1,2,0,NA,"jeffrda01"
"90","Darius Bazley",313,2021,"2513040","2740715",168,21,"OKC","PF",69,53,1924,274,649,0.422,80,269,0.297,194,380,0.511,0.484,117,170,0.688,71,365,436,97,58,70,90,68,745,0,NA,"bazleda01"
"91","Darius Garland",172,2021,"7040880","7678766",21,22,"CLE","PG",68,68,2430,542,1173,0.462,174,454,0.383,368,719,0.512,0.536,215,241,0.892,39,185,224,583,89,7,248,115,1473,1,"AS","garlada01"
"92","Darren Collison",592,2021,"151821","165575",764,34,"LAL","PG",3,0,37,2,7,0.286,0,3,0,2,4,0.5,0.286,0,0,NA,0,4,4,2,1,0,1,5,4,0,NA,"collida01"
"93","David Johnson",528,2021,"462629","504542",801,20,"TOR","SG",2,0,2,0,1,0,0,1,0,0,0,NA,0,0,0,NA,0,0,0,0,0,0,0,0,0,0,NA,"johnsda08"
"94","David Nwaba",226,2021,"4650000","5071278",434,29,"HOU","SF",46,4,609,85,176,0.483,15,49,0.306,70,127,0.551,0.526,48,67,0.716,41,110,151,35,28,20,21,55,233,0,NA,"nwabada01"
"95","Davion Mitchell",228,2021,"4603200","5020238",135,23,"SAC","PG",75,19,2076,352,843,0.418,101,320,0.316,251,523,0.48,0.477,56,85,0.659,33,133,166,313,55,24,114,141,861,0,NA,"mitchda01"
"96","Davon Reed",501,2021,"532398","580631",448,26,"DEN","SG",48,5,668,81,161,0.503,37,86,0.43,44,75,0.587,0.618,10,15,0.667,14,94,108,53,24,9,16,63,209,0,NA,"reedda01"
"97","Day'Ron Sharpe",360,2021,"2009160","2191185",459,20,"BRK","PF",32,8,391,86,149,0.577,2,7,0.286,84,142,0.592,0.584,24,41,0.585,81,79,160,17,10,15,30,60,198,0,NA,"sharpda01"
"98","De'Aaron Fox",38,2021,"28103500","30649609",36,24,"SAC","PG",59,59,2084,516,1092,0.473,74,249,0.297,442,843,0.524,0.506,261,348,0.75,25,206,231,330,68,25,168,172,1367,0,NA,"foxde01"
"99","De'Andre Hunter",163,2021,"7775400","8479832",174,24,"ATL","SF",53,52,1577,254,575,0.442,74,195,0.379,180,380,0.474,0.506,127,166,0.765,26,150,176,68,36,21,69,155,709,0,NA,"huntede01"
"100","De'Anthony Melton",144,2021,"8805976","9603776",152,23,"MEM","SG",73,15,1657,281,695,0.404,139,372,0.374,142,323,0.44,0.504,90,120,0.75,64,264,328,194,104,39,112,128,791,0,"6MOY-8","meltode01"
"101","Dean Wade",393,2021,"1782621","1944122",417,25,"CLE","PF",51,28,980,99,217,0.456,51,142,0.359,48,75,0.64,0.574,20,30,0.667,31,119,150,52,29,7,16,88,269,0,NA,"wadede01"
"102","Deandre Ayton",104,2021,"12632950","13777464",89,23,"PHO","C",58,58,1713,442,697,0.634,7,19,0.368,435,678,0.642,0.639,106,142,0.746,149,444,593,84,40,40,91,142,997,0,NA,"aytonde01"
"103","Deividas Sirvydis",425,2021,"1603559","1748837",776,21,"DET","SG",3,0,27,1,10,0.1,1,7,0.143,0,3,0,0.15,0,0,NA,0,6,6,1,3,1,0,4,3,0,NA,"sirvyde01"
"104","DeJon Jarreau",583,2021,"172821","188477",800,24,"IND","SG",1,0,1,0,0,NA,0,0,NA,0,0,NA,NA,0,0,NA,0,0,0,0,0,0,0,0,0,0,NA,"jarrede01"
"105","Dejounte Murray",87,2021,"15428880","16826699",24,25,"SAS","PG",68,68,2366,573,1241,0.462,96,294,0.327,477,947,0.504,0.5,196,247,0.794,80,483,563,627,138,23,180,138,1438,13,"AS","murrade01"
"106","Delon Wright",152,2021,"8526316","9298779",358,29,"ATL","SG",77,8,1452,122,269,0.454,44,116,0.379,78,153,0.51,0.535,54,63,0.857,50,170,220,188,93,19,45,56,342,0,NA,"wrighde01"
"107","DeMar DeRozan",43,2021,"26000000","28355537",2,32,"CHI","PF",76,76,2743,774,1535,0.504,50,142,0.352,724,1393,0.52,0.521,520,593,0.877,56,336,392,374,68,24,181,178,2118,0,"MVP-10ASNBA2","derozde01"
"108","Deni Avdija",223,2021,"4692840","5117999",186,21,"WAS","SF",82,8,1984,250,579,0.432,82,259,0.317,168,320,0.525,0.503,103,136,0.757,52,373,425,167,59,44,87,190,685,0,NA,"avdijde01"
"109","Derrick Favors",134,2021,"9720900","10601590",450,30,"OKC","C",39,18,653,94,182,0.516,2,16,0.125,92,166,0.554,0.522,16,25,0.64,58,126,184,25,17,12,9,62,206,0,NA,"favorde01"
"110","Derrick Rose",95,2021,"13445120","14663215",384,33,"NYK","PG",26,4,636,122,274,0.445,37,92,0.402,85,182,0.467,0.513,30,31,0.968,21,57,78,103,22,12,39,15,311,0,NA,"rosede01"
"111","Derrick Walton",611,2021,"95930","104621",698,26,"DET","PG",3,3,108,6,26,0.231,3,13,0.231,3,13,0.231,0.288,4,4,1,2,8,10,21,7,4,11,8,19,0,NA,"waltode01"
"112","Desmond Bane",358,2021,"2033160","2217359",31,23,"MEM","SG",76,76,2266,508,1101,0.461,228,523,0.436,280,578,0.484,0.565,140,155,0.903,46,288,334,208,92,29,111,196,1384,0,NA,"banede01"
"113","Devin Booker",23,2021,"31650600","34518067",8,25,"PHO","SG",68,68,2345,662,1421,0.466,183,478,0.383,479,943,0.508,0.53,315,363,0.868,45,297,342,329,77,26,162,180,1822,0,"MVP-4ASNBA1","bookede01"
"114","Devin Cannady",580,2021,"185578","202390",625,25,"ORL","PG",5,0,145,15,44,0.341,15,37,0.405,0,7,0,0.511,5,7,0.714,1,5,6,10,5,3,5,9,50,0,NA,"cannade01"
"115","Devin Vassell",239,2021,"4235160","4618855",130,21,"SAS","SF",71,32,1937,326,764,0.427,137,380,0.361,189,384,0.492,0.516,83,99,0.838,44,262,306,136,76,41,58,143,872,0,NA,"vassede01"
"116","Devon Dotson",561,2021,"239291","260970",670,22,"CHI","PG",11,0,85,11,23,0.478,2,9,0.222,9,14,0.643,0.522,5,9,0.556,1,8,9,15,1,0,5,11,29,0,NA,"dotsode01"
"117","Devontae Cacok",489,2021,"726128","791913",631,25,"SAS","PF",15,0,121,21,31,0.677,0,0,NA,21,31,0.677,0.677,4,7,0.571,8,34,42,6,8,7,3,16,46,0,NA,"cacokde01"
"118","Dewayne Dedmon",204,2021,"5256308","5732516",308,32,"MIA","C",67,15,1065,164,290,0.566,19,47,0.404,145,243,0.597,0.598,75,100,0.75,105,281,386,47,24,42,70,174,422,0,NA,"dedmode01"
"119","Dillon Brooks",107,2021,"12200000","13305290",231,26,"MEM","SF",32,31,885,227,526,0.432,46,149,0.309,181,377,0.48,0.475,90,106,0.849,29,73,102,88,36,8,50,105,590,0,NA,"brookdi01"
"120","Donovan Mitchell",39,2021,"28103500","30649609",10,25,"UTA","SG",67,67,2266,617,1376,0.448,232,654,0.355,385,722,0.533,0.533,267,313,0.853,55,227,282,358,99,12,200,164,1733,0,"AS","mitchdo01"
"121","Dorian Finney-Smith",251,2021,"4000000","4362390",126,28,"DAL","PF",80,80,2644,326,692,0.471,172,435,0.395,154,257,0.599,0.595,56,83,0.675,122,253,375,150,88,39,80,183,880,0,NA,"finnedo01"
"122","Doug McDermott",93,2021,"13750000","14995716",239,30,"SAS","PF",51,51,1223,215,465,0.462,108,256,0.422,107,209,0.512,0.578,40,51,0.784,18,97,115,64,13,6,43,79,578,0,NA,"mcderdo01"
"123","Draymond Green",44,2021,"24026712","26203473",351,31,"GSW","PF",46,44,1329,135,257,0.525,16,54,0.296,119,203,0.586,0.556,60,91,0.659,45,291,336,320,61,50,139,136,346,1,"DPOY-10AS","greendr01"
"124","Duncan Robinson",83,2021,"15650000","17067852",134,27,"MIA","SG",79,68,2043,290,726,0.399,232,624,0.372,58,102,0.569,0.559,51,61,0.836,24,179,203,129,42,14,60,201,863,0,NA,"robindu01"
"125","Dwight Howard",305,2021,"2641691","2881021",337,36,"LAL","C",60,27,971,134,219,0.612,8,15,0.533,126,204,0.618,0.63,96,146,0.658,118,238,356,35,34,36,47,115,372,0,NA,"howardw01"
"126","Dwight Powell",116,2021,"11080125","12083957",173,30,"DAL","C",82,71,1798,269,401,0.671,13,37,0.351,256,364,0.703,0.687,166,212,0.783,173,231,404,97,37,39,64,220,717,0,NA,"poweldw01"
"127","Dylan Windler",340,2021,"2239200","2442066",541,25,"CLE","SF",50,0,459,37,98,0.378,21,70,0.3,16,28,0.571,0.485,15,18,0.833,21,68,89,34,14,3,16,47,110,0,NA,"windldy01"
"128","Ed Davis",298,2021,"2641691","2881021",675,32,"CLE","C",31,3,201,11,16,0.688,0,0,NA,11,16,0.688,0.688,6,14,0.429,14,50,64,7,3,9,5,33,28,0,NA,"davised01"
"129","Elfrid Payton",339,2021,"2239544","2442441",509,27,"PHO","PG",50,1,549,67,175,0.383,4,18,0.222,63,157,0.401,0.394,12,32,0.375,21,67,88,99,25,6,47,38,150,0,NA,"paytoel01"
"130","Emanuel Terry",623,2021,"85578","93331",810,25,"PHO","PF",3,0,18,0,5,0,0,0,NA,0,5,0,0,0,0,NA,8,7,15,2,1,0,5,4,0,0,NA,"terryem01"
"131","Emmanuel Mudiay",603,2021,"111457","121554",774,25,"SAC","PG",2,0,11,0,2,0,0,0,NA,0,2,0,0,3,4,0.75,0,0,0,4,1,0,1,1,3,0,NA,"mudiaem01"
"132","Eric Bledsoe",65,2021,"18125000","19767081",257,32,"LAC","PG",54,29,1361,197,468,0.421,51,163,0.313,146,305,0.479,0.475,89,117,0.761,28,154,182,225,69,19,116,85,534,0,NA,"bledser01"
"133","Eric Gordon",64,2021,"18218818","19869398",161,33,"HOU","SG",57,46,1670,268,564,0.475,124,301,0.412,144,263,0.548,0.585,105,135,0.778,15,98,113,154,28,18,107,63,765,0,NA,"gordoer01"
"134","Eric Paschall",403,2021,"1782621","1944122",366,25,"UTA","PF",58,3,737,114,235,0.485,40,108,0.37,74,127,0.583,0.57,66,86,0.767,30,76,106,36,9,5,27,51,334,0,NA,"pascher01"
"135","Eugene Omoruyi",553,2021,"281831","307364",744,24,"DAL","SF",4,0,18,2,5,0.4,1,2,0.5,1,3,0.333,0.5,2,4,0.5,2,5,7,2,0,0,0,2,7,0,NA,"omorueu01"
"136","Evan Fournier",74,2021,"17142857","18695958",75,29,"NYK","SG",80,80,2358,402,965,0.417,241,619,0.389,161,346,0.465,0.541,80,113,0.708,34,176,210,171,79,20,105,180,1125,0,NA,"fournev01"
"137","Evan Mobley",162,2021,"8075160","8806749",82,20,"CLE","PF",69,69,2331,422,830,0.508,23,92,0.25,399,738,0.541,0.522,167,252,0.663,143,427,570,174,56,115,133,147,1034,0,"ROY-2","mobleev01"
"138","Facundo Campazzo",281,2021,"3100000","3380852",367,30,"DEN","PG",65,4,1184,107,296,0.361,58,193,0.301,49,103,0.476,0.459,60,78,0.769,23,94,117,220,63,23,67,124,332,0,NA,"campafa01"
"139","Feron Hunt",600,2021,"116987","127585",799,22,"NYK","SF",2,0,8,0,2,0,0,0,NA,0,2,0,0,0,0,NA,1,0,1,1,1,0,1,1,0,0,NA,"huntfe01"
"140","Frank Jackson",285,2021,"3000000","3271792",246,23,"DET","PG",53,7,1164,194,483,0.402,86,279,0.308,108,204,0.529,0.491,86,104,0.827,19,68,87,55,27,9,38,89,560,0,NA,"jacksfr01"
"141","Frank Kaminsky",351,2021,"2089448","2278746",558,28,"PHO","C",9,0,181,36,66,0.545,5,15,0.333,31,51,0.608,0.583,18,20,0.9,11,30,41,13,8,7,5,14,95,0,NA,"kaminfr01"
"142","Frank Ntilikina",385,2021,"1789256","1951358",431,23,"DAL","SG",58,5,685,89,223,0.399,38,111,0.342,51,112,0.455,0.484,24,25,0.96,12,67,79,69,27,7,31,61,240,0,NA,"ntilila01"
"143","Franz Wagner",210,2021,"5007840","5461538",61,20,"ORL","SF",79,79,2429,456,975,0.468,96,271,0.354,360,704,0.511,0.517,189,219,0.863,84,272,356,231,68,34,119,164,1197,0,"ROY-5","wagnefr01"
"144","Fred VanVleet",57,2021,"19675926","21458517",40,27,"TOR","PG",65,65,2462,442,1097,0.403,242,642,0.377,200,455,0.44,0.513,194,222,0.874,44,245,289,434,111,35,170,162,1320,1,"AS","vanvlfr01"
"145","Freddie Gillespie",567,2021,"221156","241191",686,24,"ORL","PF",9,2,119,9,22,0.409,0,1,0,9,21,0.429,0.409,3,7,0.429,13,23,36,5,3,9,5,18,21,0,NA,"gillefr01"
"146","Furkan Korkmaz",227,2021,"4629630","5049063",271,24,"PHI","SG",67,19,1414,182,470,0.387,77,266,0.289,105,204,0.515,0.469,68,84,0.81,22,153,175,127,33,9,48,58,509,0,NA,"korkmfu01"
"147","Gabe Vincent",422,2021,"1669178","1820401",230,25,"MIA","PG",68,27,1589,214,513,0.417,119,323,0.368,95,190,0.5,0.533,44,54,0.815,22,104,126,210,62,12,98,158,591,0,NA,"vincega01"
"148","Gabriel Deck",417,2021,"1690507","1843662",703,26,"OKC","PF",7,0,56,8,14,0.571,2,4,0.5,6,10,0.6,0.643,0,0,NA,1,5,6,5,1,0,2,2,18,0,NA,"deckga01"
"149","Gabriel Lundberg",625,2021,"79764","86990",726,27,"PHO","SG",4,0,44,5,19,0.263,3,8,0.375,2,11,0.182,0.342,0,0,NA,2,5,7,11,3,0,3,7,13,0,NA,"lundbga01"
"150","Garrett Temple",219,2021,"4910000","5354834",388,35,"NOP","SG",59,16,1098,111,295,0.376,59,185,0.319,52,110,0.473,0.476,28,41,0.683,29,114,143,74,43,23,42,81,309,0,NA,"templga01"
"151","Garrison Mathews",361,2021,"2000000","2181195",205,25,"HOU","SG",65,33,1712,184,461,0.399,139,386,0.36,45,75,0.6,0.55,143,180,0.794,32,158,190,64,57,24,41,168,650,0,NA,"mathega01"
"152","Gary Clark",485,2021,"811213","884706",549,27,"NOP","PF",38,1,378,33,88,0.375,28,70,0.4,5,18,0.278,0.534,7,10,0.7,23,67,90,18,13,7,10,20,101,0,NA,"clarkga01"
"153","Gary Harris",51,2021,"20932143","22828544",189,27,"ORL","SG",61,30,1730,240,553,0.434,116,302,0.384,124,251,0.494,0.539,83,95,0.874,36,86,122,108,59,9,61,112,679,0,NA,"harriga01"
"154","Gary Payton II",420,2021,"1669178","1820401",272,29,"GSW","SG",71,16,1248,212,344,0.616,43,120,0.358,169,224,0.754,0.679,35,58,0.603,72,175,247,64,96,22,40,131,502,0,NA,"paytoga02"
"155","George Hill",202,2021,"5275491","5753437",364,35,"MIL","PG",54,17,1253,118,275,0.429,41,134,0.306,77,141,0.546,0.504,57,62,0.919,38,117,155,120,42,6,41,70,334,0,NA,"hillge01"
"156","George King",621,2021,"85578","93331",787,28,"DAL","SF",4,0,19,0,5,0,0,4,0,0,1,0,0,1,2,0.5,0,5,5,0,0,0,1,4,1,0,NA,"kingge03"
"157","Georges Niang",273,2021,"3300000","3598972",177,28,"PHI","PF",76,7,1736,246,563,0.437,156,387,0.403,90,176,0.511,0.575,52,59,0.881,25,178,203,102,30,13,59,190,700,0,NA,"niangge01"
"158","Giannis Antetokounmpo",8,2021,"39344900","42909452",6,27,"MIL","PF",67,67,2204,689,1245,0.553,71,242,0.293,618,1003,0.616,0.582,553,766,0.722,134,644,778,388,72,91,219,212,2002,4,"MVP-3DPOY-6ASNBA1","antetgi01"
"159","Goga Bitadze",282,2021,"3098400","3379107",349,22,"IND","C",50,16,729,131,252,0.52,23,80,0.288,108,172,0.628,0.565,64,94,0.681,79,98,177,55,21,42,46,107,349,0,NA,"bitadgo01"
"160","Gordon Hayward",33,2021,"29925000","32636132",157,31,"CHO","SF",49,48,1564,283,617,0.459,86,220,0.391,197,397,0.496,0.528,126,149,0.846,38,186,224,177,47,22,81,85,778,0,NA,"haywago01"
"161","Gorgui Dieng",250,2021,"4000000","4362390",505,32,"ATL","C",44,3,371,53,112,0.473,29,68,0.426,24,44,0.545,0.603,19,26,0.731,32,89,121,34,11,13,20,52,154,0,NA,"dienggo01"
"162","Grant Williams",310,2021,"2617800","2854966",227,23,"BOS","PF",77,21,1875,205,432,0.475,106,258,0.411,99,174,0.569,0.597,86,95,0.905,64,210,274,78,38,57,62,186,602,0,NA,"willigr01"
"163","Grayson Allen",246,2021,"4054695","4422040",170,26,"MIL","SG",66,61,1805,255,569,0.448,159,389,0.409,96,180,0.533,0.588,64,74,0.865,32,190,222,100,46,18,43,96,733,0,NA,"allengr01"
"164","Hamidou Diallo",206,2021,"5200000","5671107",211,23,"DET","SG",58,29,1269,261,526,0.496,23,93,0.247,238,433,0.55,0.518,91,140,0.65,69,208,277,73,71,17,58,143,636,0,NA,"diallha01"
"165","Harrison Barnes",53,2021,"20284091","22121780",49,29,"SAC","PF",77,77,2580,391,834,0.469,142,360,0.394,249,474,0.525,0.554,341,413,0.826,82,350,432,186,53,14,118,94,1265,0,NA,"barneha02"
"166","Hassan Whiteside",321,2021,"2401537","2619110",259,32,"UTA","C",65,8,1162,215,330,0.652,0,0,NA,215,330,0.652,0.652,104,167,0.623,166,328,494,26,22,103,53,179,534,0,NA,"whiteha01"
"167","Hassani Gravett",605,2021,"106352","115987",626,25,"ORL","PG",8,3,171,18,38,0.474,11,26,0.423,7,12,0.583,0.618,3,4,0.75,1,20,21,20,5,1,9,13,50,0,NA,"graveha01"
"168","Haywood Highsmith",499,2021,"547701","597321",635,25,"MIA","SF",19,1,163,16,46,0.348,9,28,0.321,7,18,0.389,0.446,2,5,0.4,10,16,26,6,2,3,3,13,43,0,NA,"highsha01"
"169","Ignas Brazdeikis",525,2021,"462629","504542",447,23,"ORL","SF",42,1,536,81,188,0.431,27,87,0.31,54,101,0.535,0.503,21,32,0.656,23,49,72,37,10,3,17,48,210,0,NA,"brazdig01"
"170","Immanuel Quickley",341,2021,"2210640","2410918",125,22,"NYK","PG",78,3,1802,284,724,0.392,137,396,0.346,147,328,0.448,0.487,177,201,0.881,31,216,247,275,54,3,99,167,882,2,"6MOY-10","quickim01"
"171","Isaac Bonga",413,2021,"1729217","1885879",729,22,"TOR","SF",15,0,69,3,13,0.231,1,4,0.25,2,9,0.222,0.269,5,8,0.625,4,3,7,4,8,2,2,10,12,0,NA,"bongais01"
"172","Isaac Okoro",178,2021,"6720720","7329600",233,21,"CLE","SF",67,61,1981,207,431,0.48,55,157,0.35,152,274,0.555,0.544,119,155,0.768,72,129,201,121,56,22,58,164,588,0,NA,"okorois01"
"173","Isaiah Hartenstein",408,2021,"1729217","1885879",245,23,"LAC","C",68,0,1216,229,366,0.626,14,30,0.467,215,336,0.64,0.645,91,132,0.689,117,215,332,160,50,77,84,167,563,0,NA,"harteis01"
"174","Isaiah Jackson",316,2021,"2451240","2673316",393,20,"IND","C",36,15,541,116,206,0.563,5,16,0.313,111,190,0.584,0.575,60,88,0.682,60,89,149,10,25,52,40,92,297,0,NA,"jacksis01"
"175","Isaiah Joe",438,2021,"1517981","1655506",458,22,"PHI","SG",55,1,609,62,177,0.35,45,135,0.333,17,42,0.405,0.477,29,31,0.935,6,50,56,35,14,3,19,47,198,0,NA,"joeis01"
"176","Isaiah Livers",459,2021,"1057260","1153045",535,23,"DET","SF",19,5,383,41,90,0.456,27,64,0.422,14,26,0.538,0.606,12,14,0.857,15,42,57,21,13,7,15,37,121,0,NA,"liveris01"
"177","Isaiah Roby",400,2021,"1782621","1944122",294,23,"OKC","PF",45,28,948,166,323,0.514,44,99,0.444,122,224,0.545,0.582,78,116,0.672,75,142,217,71,36,34,43,109,454,0,NA,"robyis01"
"178","Isaiah Stewart",274,2021,"3277080","3573975",232,20,"DET","C",71,71,1816,250,490,0.51,15,46,0.326,235,444,0.529,0.526,74,103,0.718,226,391,617,82,22,78,85,211,589,0,NA,"stewais01"
"179","Isaiah Todd",445,2021,"1500000","1635896",694,20,"WAS","PF",12,0,74,7,26,0.269,4,16,0.25,3,10,0.3,0.346,2,6,0.333,3,9,12,4,4,2,4,4,20,0,NA,"toddis01"
"180","Ivica Zubac",166,2021,"7518518","8199677",156,24,"LAC","C",76,76,1852,310,495,0.626,0,0,NA,310,495,0.626,0.626,165,227,0.727,217,427,644,120,36,77,114,203,785,0,NA,"zubaciv01"
"181","Ja Morant",136,2021,"9603360","10473401",16,22,"MEM","PG",57,57,1889,580,1177,0.493,88,256,0.344,492,921,0.534,0.53,316,415,0.761,77,248,325,384,66,22,196,86,1564,1,"MVP-7MIP-1ASNBA2","moranja01"
"182","Jabari Parker",455,2021,"1168286","1274129",618,26,"BOS","PF",12,0,112,18,38,0.474,8,16,0.5,10,22,0.455,0.579,9,9,1,5,23,28,6,4,1,8,13,53,0,NA,"parkeja01"
"183","Jaden McDaniels",354,2021,"2063280","2250208",208,21,"MIN","PF",70,31,1803,255,554,0.46,80,252,0.317,175,302,0.579,0.532,57,71,0.803,76,217,293,79,52,54,75,224,647,0,NA,"mcdanja02"
"184","Jaden Springer",359,2021,"2023680","2207020",785,19,"PHI","SG",2,0,6,1,1,1,0,0,NA,1,1,1,1,0,0,NA,1,1,2,0,0,2,1,0,2,0,NA,"sprinja01"
"185","Jae Crowder",135,2021,"9720900","10601590",213,31,"PHO","PF",67,67,1886,217,544,0.399,127,365,0.348,90,179,0.503,0.516,71,90,0.789,30,324,354,124,95,30,55,173,632,0,NA,"crowdja01"
"186","Jae'Sean Tate",432,2021,"1517981","1655506",115,26,"HOU","PF",78,77,2056,363,729,0.498,63,202,0.312,300,527,0.569,0.541,130,184,0.707,135,285,420,222,72,41,139,286,919,0,NA,"tateja01"
"187","Jahmi'us Ramsey",441,2021,"1517981","1655506",614,20,"SAC","SG",19,0,134,24,58,0.414,5,18,0.278,19,40,0.475,0.457,7,14,0.5,4,9,13,7,1,1,5,10,60,0,NA,"ramseja01"
"188","Jaime Echenique",648,2021,"53176","57993",794,24,"WAS","C",1,0,3,0,0,NA,0,0,NA,0,0,NA,NA,0,0,NA,0,0,0,0,0,0,0,0,0,0,NA,"echenja01"
"189","Jake Layman",255,2021,"3940184","4297155",579,27,"MIN","SF",34,1,231,30,73,0.411,8,35,0.229,22,38,0.579,0.466,13,18,0.722,6,30,36,9,7,5,10,12,81,0,NA,"laymaja01"
"190","Jakob Poeltl",148,2021,"8750000","9542728",119,26,"SAS","C",68,67,1970,410,663,0.618,1,1,1,409,662,0.618,0.619,94,190,0.495,262,372,634,189,45,118,109,212,915,0,NA,"poeltja01"
"191","Jalen Brunson",382,2021,"1802057","1965319",44,25,"DAL","SG",79,61,2524,506,1008,0.502,94,252,0.373,412,756,0.545,0.549,179,213,0.84,43,266,309,377,66,3,124,151,1285,0,NA,"brunsja01"
"192","Jalen Green",143,2021,"8992080","9806740",70,19,"HOU","SG",67,67,2138,406,954,0.426,157,458,0.343,249,496,0.502,0.508,188,236,0.797,33,193,226,176,44,18,135,103,1157,0,"ROY-4","greenja05"
"193","Jalen Johnson",295,2021,"2659680","2900640",619,20,"ATL","PF",22,0,120,22,41,0.537,3,13,0.231,19,28,0.679,0.573,5,7,0.714,2,24,26,3,3,2,9,9,52,0,NA,"johnsja05"
"194","Jalen McDaniels",391,2021,"1782621","1944122",361,24,"CHO","SF",55,2,895,123,254,0.484,41,108,0.38,82,146,0.562,0.565,53,72,0.736,37,133,170,58,26,22,36,93,340,0,NA,"mcdanja01"
"195","Jalen Suggs",179,2021,"6592920","7190222",243,20,"ORL","PG",48,45,1307,198,548,0.361,42,196,0.214,156,352,0.443,0.4,126,163,0.773,26,145,171,209,59,19,143,142,564,0,NA,"suggsja01"
"196","James Bouknight",243,2021,"4154400","4530778",512,21,"CHO","SG",31,0,304,49,141,0.348,17,49,0.347,32,92,0.348,0.408,27,31,0.871,22,30,52,26,7,1,15,29,142,0,NA,"bouknja01"
"197","James Johnson",297,2021,"2641691","2881021",360,34,"BRK","PF",62,10,1191,144,307,0.469,23,85,0.271,121,222,0.545,0.507,29,55,0.527,51,164,215,130,30,34,48,162,340,0,NA,"johnsja01"
"198","Jamorko Pickett",516,2021,"462629","504542",627,24,"DET","PF",13,0,176,18,50,0.36,13,39,0.333,5,11,0.455,0.49,1,2,0.5,6,26,32,7,0,7,5,12,50,0,NA,"pickeja01"
"199","JaMychal Green",160,2021,"8200000","8942900",303,31,"DEN","PF",67,8,1085,159,327,0.486,33,124,0.266,126,203,0.621,0.537,81,93,0.871,81,200,281,59,43,26,57,158,432,0,NA,"greenja01"
"200","JaQuori McLaughlin",568,2021,"220679","240671",804,24,"DAL","PG",4,0,11,0,2,0,0,1,0,0,1,0,0,0,0,NA,0,0,0,2,0,0,0,1,0,0,NA,"mclauja01"
"201","Jared Butler",476,2021,"925258","1009084",496,21,"UTA","SG",42,1,360,61,151,0.404,28,88,0.318,33,63,0.524,0.497,11,16,0.688,5,40,45,63,17,8,33,47,161,0,NA,"butleja02"
"202","Jared Harper",624,2021,"85081","92789",645,24,"NOP","PG",5,0,43,14,26,0.538,5,12,0.417,9,14,0.643,0.635,4,4,1,2,0,2,14,4,1,2,5,37,0,NA,"harpeja01"
"203","Jarred Vanderbilt",247,2021,"4050000","4416920",270,22,"MIN","PF",74,67,1880,212,361,0.587,2,14,0.143,210,347,0.605,0.59,86,131,0.656,215,409,624,94,99,46,73,181,512,0,NA,"vandeja01"
"204","Jarrett Allen",55,2021,"20000000","21811951",120,23,"CLE","C",56,56,1810,369,545,0.677,1,10,0.1,368,535,0.688,0.678,165,233,0.708,192,410,602,92,44,75,94,97,904,0,"AS","allenja01"
"205","Jarrett Culver",182,2021,"6395160","6974546",527,22,"MEM","SG",37,0,338,51,135,0.378,12,47,0.255,39,88,0.443,0.422,16,34,0.471,13,35,48,33,20,5,20,42,130,0,NA,"culveja01"
"206","Jarron Cumberland",643,2021,"53176","57993",780,24,"POR","SG",3,0,12,1,2,0.5,0,1,0,1,1,1,0.5,0,0,NA,1,2,3,1,0,0,0,2,2,0,NA,"cumbeja01"
"207","JaVale McGee",216,2021,"5000000","5452987",187,34,"PHO","C",74,17,1172,288,458,0.629,2,9,0.222,286,449,0.637,0.631,102,146,0.699,163,333,496,42,22,81,98,181,680,0,NA,"mcgeeja01"
"208","Javin DeLaurier",637,2021,"53176","57993",793,23,"MIL","C",1,0,3,0,0,NA,0,0,NA,0,0,NA,NA,0,0,NA,0,1,1,0,1,0,0,1,0,0,NA,"delauja01"
"209","Javonte Green",419,2021,"1669178","1820401",288,28,"CHI","SF",65,45,1519,176,325,0.542,36,101,0.356,140,224,0.625,0.597,80,96,0.833,91,185,276,60,67,32,30,132,468,0,NA,"greenja02"
"210","Jaxson Hayes",199,2021,"5348280","5832821",202,21,"NOP","C",70,28,1398,245,398,0.616,20,57,0.351,225,341,0.66,0.641,144,188,0.766,115,200,315,43,33,55,54,155,654,0,NA,"hayesja02"
"211","Jay Huff",564,2021,"225997","246471",798,23,"LAL","C",4,0,20,0,3,0,0,2,0,0,1,0,0,0,0,NA,1,3,4,1,1,1,1,1,0,0,NA,"huffja01"
"212","Jay Scrubb",519,2021,"462629","504542",628,21,"LAC","SG",18,0,121,18,46,0.391,6,21,0.286,12,25,0.48,0.457,7,10,0.7,2,14,16,8,4,3,7,9,49,0,NA,"scrubja01"
"213","Jaylen Brown",42,2021,"26758928","29183222",17,25,"BOS","SF",66,66,2220,576,1217,0.473,166,464,0.358,410,753,0.544,0.541,241,318,0.758,53,351,404,231,70,18,178,163,1559,2,NA,"brownja02"
"214","Jaylen Hoard",577,2021,"191860","209242",545,22,"OKC","SF",7,5,240,44,90,0.489,9,25,0.36,35,65,0.538,0.539,6,14,0.429,30,54,84,17,6,5,8,14,103,0,NA,"hoardja01"
"215","Jaylen Morris",616,2021,"95930","104621",784,26,"SAS","SG",3,0,16,0,6,0,0,2,0,0,4,0,0,2,4,0.5,0,2,2,2,0,0,1,2,2,0,NA,"morrija01"
"216","Jaylen Nowell",398,2021,"1782621","1944122",262,22,"MIN","SG",62,1,975,196,413,0.475,63,160,0.394,133,253,0.526,0.551,72,92,0.783,22,101,123,130,27,10,36,73,527,0,NA,"nowelja01"
"217","Jaysean Paige",632,2021,"53176","57993",808,27,"DET","PG",1,0,7,0,3,0,0,2,0,0,1,0,0,0,0,NA,0,1,1,1,0,0,1,2,0,0,NA,"paigeja01"
"218","Jayson Tatum",36,2021,"28103500","30649609",4,23,"BOS","SF",76,76,2731,708,1564,0.453,230,651,0.353,478,913,0.524,0.526,400,469,0.853,85,524,609,334,75,49,217,174,2046,0,"MVP-6ASNBA1","tatumja01"
"219","Jeff Green",229,2021,"4500000","4907689",158,35,"DEN","PF",75,63,1849,277,529,0.524,53,168,0.315,224,361,0.62,0.574,165,198,0.833,41,190,231,96,28,27,71,151,772,0,NA,"greenje02"
"220","Jemerrio Jones",622,2021,"85578","93331",769,26,"LAL","SF",2,0,15,2,3,0.667,0,0,NA,2,3,0.667,0.667,0,0,NA,2,1,3,0,1,0,0,2,4,0,NA,"jonesje01"
"221","Jerami Grant",54,2021,"20002500","21814678",121,27,"DET","PF",47,47,1500,298,699,0.426,91,254,0.358,207,445,0.465,0.491,217,259,0.838,28,163,191,111,44,49,85,107,904,0,NA,"grantje01"
"222","Jeremiah Robinson-Earl",363,2021,"2000000","2181195",339,21,"OKC","C",49,36,1087,134,324,0.414,58,165,0.352,76,159,0.478,0.503,40,54,0.741,75,199,274,49,29,15,39,75,366,0,NA,"robinje02"
"223","Jericho Sims",524,2021,"462629","504542",565,23,"NYK","PF",41,5,555,39,54,0.722,0,0,NA,39,54,0.722,0.722,12,29,0.414,61,108,169,21,11,22,20,66,90,0,NA,"simsje01"
"224","Jimmy Butler",11,2021,"36016200","39279180",59,32,"MIA","SF",57,57,1931,398,829,0.48,27,116,0.233,371,713,0.52,0.496,396,455,0.87,102,234,336,312,94,27,121,88,1219,4,"AS","butleji01"
"225","Jock Landale",474,2021,"925258","1009084",421,26,"SAS","C",54,1,589,101,204,0.495,29,89,0.326,72,115,0.626,0.566,34,41,0.829,63,75,138,45,10,14,31,53,265,0,NA,"landajo01"
"226","Joe Harris",73,2021,"17357143","18929658",500,30,"BRK","SF",14,14,423,56,124,0.452,41,88,0.466,15,36,0.417,0.617,5,6,0.833,5,51,56,14,7,2,16,31,158,0,NA,"harrijo01"
"227","Joe Ingles",100,2021,"13036364","14217427",372,34,"UTA","SF",45,15,1122,115,285,0.404,78,225,0.347,37,60,0.617,0.54,17,22,0.773,12,119,131,158,23,5,46,82,325,0,NA,"inglejo01"
"228","Joe Johnson",590,2021,"151821","165575",783,40,"BOS","SG",1,0,2,1,1,1,0,0,NA,1,1,1,1,0,0,NA,0,0,0,0,0,0,0,0,2,0,NA,"johnsjo02"
"229","Joe Wieskamp",497,2021,"563663","614729",613,22,"SAS","SG",29,0,205,20,56,0.357,14,43,0.326,6,13,0.462,0.482,7,13,0.538,4,10,14,9,4,3,2,14,61,0,NA,"wieskjo01"
"230","Joel Ayayi",530,2021,"462629","504542",777,21,"WAS","SG",7,0,20,1,6,0.167,0,1,0,1,5,0.2,0.167,0,0,NA,1,2,3,4,0,0,0,0,2,0,NA,"ayayijo01"
"231","Joel Embiid",26,2021,"31579390","34440406",3,27,"PHI","C",68,68,2297,666,1334,0.499,93,251,0.371,573,1083,0.529,0.534,654,803,0.814,146,650,796,284,77,99,214,181,2079,2,"MVP-2ASNBA2","embiijo01"
"232","John Collins",47,2021,"23000000","25083744",128,24,"ATL","PF",54,53,1663,339,644,0.526,64,176,0.364,275,468,0.588,0.576,134,169,0.793,93,329,422,98,33,56,60,164,876,0,NA,"collijo01"
"233","John Konchar",342,2021,"2200000","2399314",350,25,"MEM","SG",72,7,1292,135,262,0.515,52,126,0.413,83,136,0.61,0.615,27,49,0.551,87,242,329,109,45,22,29,90,349,1,NA,"konchjo01"
"234","Jon Teske",635,2021,"53176","57993",811,24,"MEM","C",3,0,8,0,1,0,0,0,NA,0,1,0,0,0,2,0,0,2,2,1,1,0,0,1,0,0,NA,"teskejo01"
"235","Jonathan Kuminga",197,2021,"5466360","5961598",203,19,"GSW","SF",70,12,1185,236,460,0.513,50,149,0.336,186,311,0.598,0.567,130,190,0.684,54,180,234,64,31,22,74,146,652,0,NA,"kuminjo01"
"236","Jordan Bell",607,2021,"102831","112147",790,27,"CHI","C",1,0,2,0,0,NA,0,0,NA,0,0,NA,NA,0,0,NA,1,0,1,0,1,0,0,2,0,0,NA,"belljo01"
"237","Jordan Clarkson",106,2021,"12420000","13545221",48,29,"UTA","SG",79,1,2141,466,1113,0.419,190,597,0.318,276,516,0.535,0.504,144,174,0.828,67,206,273,194,66,16,129,149,1266,0,"6MOY-4","clarkjo01"
"238","Jordan Goodwin",646,2021,"53176","57993",795,23,"WAS","SG",2,0,6,0,3,0,0,1,0,0,2,0,0,0,0,NA,0,1,1,0,0,0,0,1,0,0,NA,"goodwjo01"
"239","Jordan McLaughlin",362,2021,"2000000","2181195",433,25,"MIN","PG",62,3,902,88,200,0.44,27,85,0.318,61,115,0.53,0.508,30,40,0.75,22,72,94,180,57,10,38,54,233,0,NA,"mclaujo01"
"240","Jordan Nwora",435,2021,"1517981","1655506",281,23,"MIL","SF",62,13,1185,186,462,0.403,79,227,0.348,107,235,0.455,0.488,36,43,0.837,37,184,221,59,25,17,57,78,487,0,NA,"nworajo01"
"241","Jordan Poole",344,2021,"2161440","2357261",29,22,"GSW","SG",76,51,2283,474,1058,0.448,211,580,0.364,263,478,0.55,0.548,246,266,0.925,34,226,260,304,60,23,187,206,1405,0,NA,"poolejo01"
"242","Jordan Schakel",645,2021,"53176","57993",755,23,"WAS","SG",4,0,30,1,11,0.091,1,6,0.167,0,5,0,0.136,2,2,1,2,6,8,0,1,0,1,0,5,0,NA,"schakjo01"
"243","Jose Alvarado",374,2021,"1925406","2099843",368,23,"NOP","PG",54,1,834,131,294,0.446,32,110,0.291,99,184,0.538,0.5,36,53,0.679,25,75,100,152,71,7,40,73,330,0,NA,"alvarjo01"
"244","Josh Christopher",335,2021,"2259240","2463921",234,20,"HOU","SG",74,2,1334,224,500,0.448,56,189,0.296,168,311,0.54,0.504,83,113,0.735,52,134,186,150,65,13,114,97,587,0,NA,"chrisjo01"
"245","Josh Giddey",187,2021,"5988000","6530498",191,19,"OKC","SF",54,54,1700,281,670,0.419,56,213,0.263,225,457,0.492,0.461,56,79,0.709,98,323,421,345,51,20,171,88,674,4,NA,"giddejo01"
"246","Josh Green",286,2021,"2957520","3225464",380,21,"DAL","SG",67,3,1039,130,256,0.508,28,78,0.359,102,178,0.573,0.563,31,45,0.689,52,109,161,79,45,14,44,115,319,0,NA,"greenjo02"
"247","Josh Okogie",245,2021,"4087904","4458258",520,23,"MIN","SG",49,6,516,42,104,0.404,14,47,0.298,28,57,0.491,0.471,35,51,0.686,29,41,70,25,26,12,23,53,133,0,NA,"okogijo01"
"248","Jrue Holiday",28,2021,"31171333","33995380",58,31,"MIL","PG",67,64,2208,478,954,0.501,132,321,0.411,346,633,0.547,0.57,137,180,0.761,69,232,301,457,108,29,183,133,1225,0,"DPOY-8","holidjr01"
"249","JT Thor",453,2021,"1250000","1363246",610,19,"CHO","PF",33,0,262,24,55,0.436,7,27,0.259,17,28,0.607,0.5,12,20,0.6,11,32,43,19,8,11,10,26,67,0,NA,"thorjt01"
"250","Juan Toscano-Anderson",414,2021,"1701593","1855753",392,28,"GSW","SF",73,6,994,115,235,0.489,28,87,0.322,87,148,0.588,0.549,40,70,0.571,28,148,176,127,48,17,68,115,298,0,NA,"toscaju01"
"251","Julius Randle",56,2021,"19800000","21593832",22,27,"NYK","PF",72,72,2544,512,1246,0.411,120,390,0.308,392,856,0.458,0.459,303,401,0.756,125,591,716,370,53,39,245,205,1447,1,NA,"randlju01"
"252","Justin Champagnie",529,2021,"462629","504542",578,20,"TOR","SF",36,0,281,31,67,0.463,10,28,0.357,21,39,0.538,0.537,9,9,1,37,35,72,11,8,4,8,32,81,0,NA,"champju01"
"253","Kai Jones",291,2021,"2770560","3021566",685,21,"CHO","C",21,0,63,9,14,0.643,1,2,0.5,8,12,0.667,0.679,3,8,0.375,3,8,11,4,1,2,6,8,22,0,NA,"joneska01"
"254","Karl-Anthony Towns",22,2021,"31650600","34518067",9,26,"MIN","C",74,74,2476,642,1214,0.529,150,366,0.41,492,848,0.58,0.591,384,467,0.822,194,533,727,269,72,83,226,267,1818,1,"ASNBA3","townska01"
"255","Keifer Sykes",498,2021,"558345","608929",481,28,"IND","PG",32,11,566,69,190,0.363,27,90,0.3,42,100,0.42,0.434,15,17,0.882,8,37,45,62,12,4,33,51,180,0,NA,"sykeske01"
"256","Keita Bates-Diop",411,2021,"1729217","1885879",363,26,"SAS","SF",59,14,957,136,263,0.517,17,55,0.309,119,208,0.572,0.549,46,61,0.754,62,169,231,41,27,14,45,61,335,0,NA,"bateske01"
"257","Keldon Johnson",346,2021,"2145720","2340117",46,22,"SAS","SF",75,74,2392,471,1011,0.466,159,399,0.398,312,612,0.51,0.545,177,234,0.756,80,377,457,158,58,14,92,148,1278,0,NA,"johnske04"
"258","Keljin Blevins",526,2021,"462629","504542",557,26,"POR","SF",31,1,349,34,111,0.306,21,72,0.292,13,39,0.333,0.401,6,11,0.545,16,29,45,19,13,1,17,29,95,0,NA,"blevike01"
"259","Kelly Olynyk",108,2021,"12195122","13299970",340,30,"DET","C",40,1,764,128,286,0.448,40,119,0.336,88,167,0.527,0.517,69,89,0.775,54,123,177,111,31,19,58,100,365,0,NA,"olynyke01"
"260","Kemba Walker",17,2021,"34967442","38135407",304,31,"NYK","PG",37,37,948,149,370,0.403,73,199,0.367,76,171,0.444,0.501,60,71,0.845,14,97,111,131,26,7,48,37,431,1,NA,"walkeke02"
"261","Kenrich Williams",365,2021,"2000000","2181195",345,27,"OKC","SF",49,0,1072,146,317,0.461,41,121,0.339,105,196,0.536,0.525,30,55,0.545,75,145,220,108,44,10,46,81,363,0,NA,"willike04"
"262","Kent Bazemore",320,2021,"2401537","2619110",522,32,"LAL","SF",39,14,545,45,139,0.324,29,80,0.363,16,59,0.271,0.428,13,17,0.765,13,56,69,34,25,9,21,70,132,0,NA,"bazemke01"
"263","Kentavious Caldwell-Pope",99,2021,"13038862","14220151",87,28,"WAS","SG",77,77,2329,361,829,0.435,159,408,0.39,202,421,0.48,0.531,137,154,0.89,41,220,261,145,83,26,97,139,1018,0,NA,"caldwke01"
"264","Kessler Edwards",507,2021,"463211","505176",403,21,"BRK","SF",48,23,987,110,267,0.412,48,136,0.353,62,131,0.473,0.502,16,19,0.842,44,128,172,31,29,24,42,85,284,0,NA,"edwarke02"
"265","Kevin Durant",4,2021,"42018900","45825710",12,33,"BRK","PF",55,55,2047,578,1115,0.518,115,300,0.383,463,815,0.568,0.57,372,409,0.91,29,378,407,351,48,52,191,113,1643,4,"MVP-10ASNBA2","duranke01"
"266","Kevin Huerter",238,2021,"4253357","4638700",124,23,"ATL","SF",74,60,2188,345,760,0.454,160,411,0.389,185,349,0.53,0.559,42,52,0.808,32,222,254,203,55,26,91,185,892,0,NA,"huertke01"
"267","Kevin Love",27,2021,"31258256","34090178",88,33,"CLE","C",74,4,1665,327,761,0.43,187,477,0.392,140,284,0.493,0.553,166,198,0.838,87,449,536,160,26,18,98,101,1007,0,"6MOY-2","loveke01"
"268","Kevin Pangos",427,2021,"1569178","1711341",641,29,"CLE","PG",24,3,166,15,46,0.326,6,26,0.231,9,20,0.45,0.391,3,4,0.75,2,9,11,30,3,0,7,11,39,0,NA,"pangoke01"
"269","Kevon Looney",207,2021,"5178572","5647738",279,25,"GSW","C",82,80,1732,208,364,0.571,0,1,0,208,363,0.573,0.571,75,125,0.6,208,388,596,165,50,52,67,215,491,0,NA,"looneke01"
"270","Khem Birch",183,2021,"6350000","6925294",430,29,"TOR","C",55,28,991,97,200,0.485,0,14,0,97,186,0.522,0.485,53,71,0.746,122,117,239,56,30,26,29,104,247,0,NA,"birchkh01"
"271","Khris Middleton",13,2021,"35500000","38716214",38,30,"MIL","SF",66,66,2141,452,1021,0.443,162,434,0.373,290,587,0.494,0.522,259,291,0.89,41,315,356,358,76,18,190,160,1325,0,"AS","middlkh01"
"272","Killian Hayes",194,2021,"5572680","6077551",295,20,"DET","PG",66,40,1647,176,459,0.383,44,167,0.263,132,292,0.452,0.431,57,74,0.77,36,174,210,277,78,35,111,183,453,0,NA,"hayeski01"
"273","Killian Tillie",377,2021,"1901625","2073907",536,23,"MEM","C",36,3,461,43,127,0.339,27,86,0.314,16,41,0.39,0.445,5,8,0.625,21,39,60,22,23,15,13,58,118,0,NA,"tilliki02"
"274","KJ Martin",431,2021,"1517981","1655506",179,21,"HOU","SF",79,2,1656,279,523,0.533,60,168,0.357,219,355,0.617,0.591,78,123,0.634,80,217,297,101,34,40,60,113,696,0,NA,"martike04"
"275","Klay Thompson",10,2021,"37980720","41421681",204,31,"GSW","SG",32,32,941,246,573,0.429,114,296,0.385,132,277,0.477,0.529,46,51,0.902,15,110,125,88,16,17,43,54,652,0,NA,"thompkl01"
"276","Kris Dunn",201,2021,"5317430","5799175",543,27,"POR","PG",14,3,336,44,102,0.431,1,11,0.091,43,91,0.473,0.436,17,18,0.944,9,40,49,79,23,3,32,38,106,0,NA,"dunnkr01"
"277","Kyle Anderson",130,2021,"9937150","10837431",264,28,"MEM","PF",69,11,1484,209,469,0.446,36,109,0.33,173,360,0.481,0.484,67,105,0.638,69,299,368,183,77,45,71,108,521,0,NA,"anderky01"
"278","Kyle Guy",538,2021,"383079","417785",597,24,"MIA","SG",19,0,186,26,65,0.4,14,40,0.35,12,25,0.48,0.508,8,12,0.667,4,13,17,17,7,1,13,12,74,0,NA,"guyky01"
"279","Kyle Kuzma",101,2021,"13000000","14177768",73,26,"WAS","PF",66,66,2204,423,936,0.452,128,375,0.341,295,561,0.526,0.52,156,219,0.712,70,491,561,233,42,57,169,128,1130,1,NA,"kuzmaky01"
"280","Kyle Lowry",41,2021,"26984128","29428824",141,35,"MIA","PG",63,63,2133,276,627,0.44,144,382,0.377,132,245,0.539,0.555,148,174,0.851,33,249,282,474,67,17,168,177,844,2,NA,"lowryky01"
"281","Kyrie Irving",16,2021,"35328700","38529394",151,29,"BRK","PG",29,29,1091,289,616,0.469,100,239,0.418,189,377,0.501,0.55,118,129,0.915,16,111,127,167,41,17,73,81,796,0,NA,"irvinky01"
"282","KZ Okpala",402,2021,"1782621","1944122",591,22,"MIA","PF",21,0,244,30,69,0.435,9,26,0.346,21,43,0.488,0.5,8,11,0.727,11,30,41,14,4,7,5,25,77,0,NA,"okpalkz01"
"283","Lamar Stevens",430,2021,"1517981","1655506",332,24,"CLE","PF",63,13,1015,156,319,0.489,18,65,0.277,138,254,0.543,0.517,53,75,0.707,47,117,164,44,31,18,41,106,383,0,NA,"stevela01"
"284","LaMarcus Aldridge",296,2021,"2641691","2881021",221,36,"BRK","C",47,12,1050,252,458,0.55,14,46,0.304,238,412,0.578,0.566,89,102,0.873,73,185,258,42,14,47,44,78,607,0,NA,"aldrila01"
"285","LaMelo Ball",158,2021,"8231760","8977537",20,20,"CHO","PG",75,75,2422,538,1254,0.429,220,565,0.389,318,689,0.462,0.517,212,243,0.872,108,393,501,571,119,30,245,237,1508,5,"AS","ballla01"
"286","Landry Shamet",261,2021,"3768342","4109744",240,24,"PHO","SG",69,14,1437,191,485,0.394,123,334,0.368,68,151,0.45,0.521,68,81,0.84,16,110,126,108,28,9,41,92,573,0,NA,"shamela01"
"287","Lauri Markkanen",81,2021,"15690909","17112467",123,24,"CLE","SF",61,61,1878,313,703,0.445,136,380,0.358,177,323,0.548,0.542,138,159,0.868,59,286,345,81,45,30,54,130,900,0,NA,"markkla01"
"288","Leandro Bolmaro",329,2021,"2353320","2566525",624,21,"MIN","SF",35,2,241,17,54,0.315,5,18,0.278,12,36,0.333,0.361,11,13,0.846,16,27,43,21,6,0,13,26,50,0,NA,"bolmale01"
"289","LeBron James",5,2021,"41180544","44911401",11,37,"LAL","C",56,56,2084,640,1221,0.524,161,448,0.359,479,773,0.62,0.59,254,336,0.756,63,396,459,349,73,59,196,121,1695,6,"MVP-10ASNBA3","jamesle01"
"290","Lindell Wigginton",563,2021,"233973","255170",582,23,"MIL","PG",19,0,199,26,61,0.426,9,26,0.346,17,35,0.486,0.5,19,35,0.543,3,22,25,23,5,1,12,17,80,0,NA,"wiggili01"
"291","Lindy Waters III",588,2021,"159527","173979",457,24,"OKC","SG",25,1,465,71,175,0.406,53,146,0.363,18,29,0.621,0.557,4,5,0.8,6,67,73,24,19,8,11,31,199,0,NA,"waterli01"
"292","Lonzo Ball",62,2021,"18604651","20290187",292,24,"CHI","PG",35,35,1212,162,383,0.423,110,260,0.423,52,123,0.423,0.567,21,28,0.75,35,155,190,178,64,31,82,85,455,1,NA,"balllo01"
"293","Louis King",543,2021,"316396","345060",632,22,"SAC","SF",10,0,104,15,47,0.319,8,27,0.296,7,20,0.35,0.404,7,10,0.7,0,12,12,9,2,1,0,14,45,0,NA,"kinglo02"
"294","Luguentz Dort",401,2021,"1782621","1944122",127,22,"OKC","SG",51,51,1665,293,726,0.404,130,391,0.332,163,335,0.487,0.493,161,191,0.843,38,174,212,88,46,18,88,149,877,0,NA,"dortlu01"
"295","Luka Garza",467,2021,"925258","1009084",472,23,"DET","C",32,5,389,66,147,0.449,16,49,0.327,50,98,0.51,0.503,38,61,0.623,58,42,100,20,9,6,18,55,186,0,NA,"garzalu01"
"296","Luke Kennard",96,2021,"13347727","14556998",143,25,"LAC","SG",70,13,1919,287,639,0.449,190,423,0.449,97,216,0.449,0.598,69,77,0.896,20,209,229,146,42,6,60,101,833,0,"6MOY-5","kennalu01"
"297","Malachi Flynn",355,2021,"2048040","2233587",467,23,"TOR","PG",44,5,537,72,183,0.393,30,90,0.333,42,93,0.452,0.475,15,24,0.625,10,53,63,70,20,4,13,45,189,0,NA,"flynnma01"
"298","Malcolm Brogdon",48,2021,"21700000","23665967",185,29,"IND","PG",36,36,1206,243,543,0.448,58,186,0.312,185,357,0.518,0.501,143,167,0.856,33,152,185,212,30,14,77,71,687,1,NA,"brogdma01"
"299","Malik Beasley",88,2021,"14491964","15804900",102,25,"MIN","SG",79,18,1976,332,850,0.391,240,637,0.377,92,213,0.432,0.532,49,60,0.817,26,201,227,116,43,12,43,88,953,0,NA,"beaslma01"
"300","Malik Monk",387,2021,"1789256","1951358",80,23,"LAL","SG",76,37,2139,391,826,0.473,173,442,0.391,218,384,0.568,0.578,93,117,0.795,37,219,256,218,61,29,122,138,1048,0,NA,"monkma01"
"301","Malik Newman",620,2021,"85578","93331",738,24,"CLE","PG",1,0,8,3,5,0.6,0,1,0,3,4,0.75,0.6,2,2,1,0,1,1,1,0,0,1,0,8,0,NA,"newmama01"
"302","Mamadi Diakite",480,2021,"869078","947814",617,25,"OKC","PF",13,3,188,25,47,0.532,0,5,0,25,42,0.595,0.532,6,11,0.545,17,42,59,2,5,9,7,33,56,0,NA,"diakima01"
"303","Marcus Garrett",562,2021,"236632","258070",725,23,"MIA","SG",12,0,128,5,21,0.238,1,4,0.25,4,17,0.235,0.262,2,5,0.4,9,14,23,7,5,3,2,16,13,0,NA,"garrema01"
"304","Marcus Morris",84,2021,"15627907","17043757",144,32,"LAC","PF",54,54,1564,300,691,0.434,101,275,0.367,199,416,0.478,0.507,129,148,0.872,26,213,239,113,28,18,69,115,830,0,NA,"morrima03"
"305","Marcus Smart",92,2021,"13839285","15093090",136,27,"BOS","PG",71,71,2296,300,718,0.418,119,360,0.331,181,358,0.506,0.501,142,179,0.793,42,228,270,417,119,18,159,160,861,0,"DPOY-1","smartma01"
"306","Markelle Fultz",76,2021,"16500000","17994860",466,23,"ORL","PG",18,3,360,83,175,0.474,4,17,0.235,79,158,0.5,0.486,25,31,0.806,4,45,49,99,20,5,40,22,195,0,NA,"fultzma01"
"307","Markieff Morris",307,2021,"2641691","2881021",528,32,"MIA","PF",17,1,298,54,114,0.474,13,39,0.333,41,75,0.547,0.531,8,9,0.889,17,28,45,23,6,1,20,33,129,0,NA,"morrima02"
"308","Marko Simonovic",466,2021,"925258","1009084",707,22,"CHI","C",9,0,35,4,15,0.267,1,5,0.2,3,10,0.3,0.3,8,11,0.727,5,5,10,0,1,1,2,6,17,0,NA,"simonma01"
"309","Markus Howard",515,2021,"462629","504542",530,22,"DEN","SG",31,0,176,39,101,0.386,28,70,0.4,11,31,0.355,0.525,20,23,0.87,2,10,12,7,9,0,7,17,126,0,NA,"howarma02"
"310","Marquese Chriss",452,2021,"1292900","1410033",504,24,"DAL","PF",34,0,346,62,134,0.463,8,25,0.32,54,109,0.495,0.493,22,33,0.667,33,70,103,17,13,12,17,64,154,0,NA,"chrisma01"
"311","Mason Jones",552,2021,"295125","321862",676,23,"LAL","SG",4,0,51,7,15,0.467,1,4,0.25,6,11,0.545,0.5,12,15,0.8,1,9,10,4,2,0,1,8,27,0,NA,"jonesma05"
"312","Mason Plumlee",140,2021,"9248333","10086209",282,31,"CHO","C",73,73,1793,205,320,0.641,0,2,0,205,318,0.645,0.641,67,171,0.392,176,389,565,226,61,52,100,224,477,0,NA,"plumlma01"
"313","Matisse Thybulle",289,2021,"2840160","3097471",336,24,"PHI","SG",66,50,1685,150,300,0.5,45,144,0.313,105,156,0.673,0.575,34,43,0.791,42,109,151,75,115,71,39,158,379,0,"DPOY-11","thybuma01"
"314","Matt Mooney",585,2021,"171156","186662",806,25,"NYK","SG",1,0,2,0,1,0,0,1,0,0,0,NA,0,0,0,NA,0,0,0,0,1,0,1,0,0,0,NA,"moonema01"
"315","Matt Ryan",602,2021,"111669","121785",775,24,"BOS","SF",1,0,5,1,5,0.2,1,5,0.2,0,0,NA,0.3,0,0,NA,0,0,0,0,1,0,0,0,3,0,NA,"ryanma01"
"316","Matt Thomas",418,2021,"1669178","1820401",498,27,"CHI","SG",40,0,459,55,134,0.41,35,91,0.385,20,43,0.465,0.541,16,20,0.8,3,47,50,20,8,3,8,18,161,0,NA,"thomama02"
"317","Max Strus",421,2021,"1669178","1820401",171,25,"MIA","SF",68,16,1587,249,564,0.441,181,442,0.41,68,122,0.557,0.602,42,53,0.792,24,178,202,92,28,16,57,116,721,0,NA,"strusma01"
"318","Maxi Kleber",147,2021,"8750000","9542728",311,30,"DAL","PF",59,21,1450,141,354,0.398,83,255,0.325,58,99,0.586,0.516,46,65,0.708,70,280,350,68,30,58,47,137,411,0,"6MOY-11","klebima01"
"319","Melvin Frazier",652,2021,"13294","14498",654,25,"OKC","SG",3,0,120,13,48,0.271,1,21,0.048,12,27,0.444,0.281,5,7,0.714,5,8,13,1,1,0,3,8,32,0,NA,"frazime01"
"320","Micah Potter",631,2021,"53176","57993",731,23,"DET","C",3,0,31,5,11,0.455,0,2,0,5,9,0.556,0.455,2,2,1,4,5,9,0,1,1,1,4,12,0,NA,"pottemi01"
"321","Mikal Bridges",195,2021,"5557725","6061241",69,25,"PHO","SF",82,82,2854,458,858,0.534,115,312,0.369,343,546,0.628,0.601,131,157,0.834,74,273,347,185,96,36,68,150,1162,0,"DPOY-2","bridgmi01"
"322","Mike Conley",50,2021,"21000000","22902549",94,34,"UTA","PG",72,72,2058,344,791,0.435,169,414,0.408,175,377,0.464,0.542,129,162,0.796,47,170,217,385,96,21,123,142,986,0,NA,"conlemi01"
"323","Mike Muscala",268,2021,"3500000","3817091",352,30,"OKC","C",43,0,592,113,248,0.456,70,163,0.429,43,85,0.506,0.597,48,57,0.842,21,108,129,22,18,26,14,58,344,0,NA,"muscami01"
"324","Miles Bridges",198,2021,"5421493","5912667",15,23,"CHO","PF",80,80,2837,596,1214,0.491,154,465,0.331,442,749,0.59,0.554,267,333,0.802,90,469,559,300,74,67,150,193,1613,0,NA,"bridgmi02"
"325","Miles McBride",470,2021,"925258","1009084",566,21,"NYK","PG",40,2,372,32,108,0.296,17,68,0.25,15,40,0.375,0.375,8,12,0.667,4,38,42,41,14,1,5,45,89,0,NA,"mcbrimi01"
"326","Mitchell Robinson",383,2021,"1802057","1965319",220,23,"NYK","C",72,62,1848,261,343,0.761,0,0,NA,261,343,0.761,0.761,88,181,0.486,295,322,617,38,58,133,60,195,610,0,NA,"robinmi01"
"327","Miye Oni",464,2021,"946261","1031989",754,24,"UTA","SG",16,0,44,2,9,0.222,1,8,0.125,1,1,1,0.278,0,1,0,1,6,7,5,0,0,1,7,5,0,NA,"onimi01"
"328","Mo Bamba",165,2021,"7568743","8254452",162,23,"ORL","C",71,69,1824,296,617,0.48,107,281,0.381,189,336,0.563,0.566,57,73,0.781,148,424,572,85,38,118,77,182,756,0,NA,"bambamo01"
"329","Monte Morris",154,2021,"8449074","9214539",105,26,"DEN","PG",75,74,2239,374,773,0.484,124,314,0.395,250,459,0.545,0.564,73,84,0.869,27,199,226,333,56,14,78,92,945,0,NA,"morrimo01"
"330","Moritz Wagner",410,2021,"1729217","1885879",244,24,"ORL","C",63,3,960,197,396,0.497,66,201,0.328,131,195,0.672,0.581,104,129,0.806,42,190,232,87,20,13,56,123,564,0,NA,"wagnemo01"
"331","Moses Moody",266,2021,"3562200","3884926",437,19,"GSW","SG",52,11,607,80,183,0.437,40,110,0.364,40,73,0.548,0.546,28,36,0.778,17,63,80,23,7,10,13,43,228,0,NA,"moodymo01"
"332","Myles Powell",550,2021,"300443","327662",728,24,"PHI","PG",11,0,52,5,17,0.294,1,6,0.167,4,11,0.364,0.324,2,2,1,1,5,6,3,1,0,3,8,13,0,NA,"powelmy01"
"333","Myles Turner",67,2021,"18000000","19630756",252,25,"IND","C",42,42,1235,200,393,0.509,61,183,0.333,139,210,0.662,0.587,79,105,0.752,65,232,297,44,28,118,54,119,540,0,NA,"turnemy01"
"334","Naji Marshall",436,2021,"1517981","1655506",382,24,"NOP","SF",55,4,735,109,269,0.405,21,105,0.2,88,164,0.537,0.444,74,93,0.796,38,104,142,62,33,8,46,69,313,0,NA,"marshna01"
"335","Nassir Little",332,2021,"2316240","2526085",313,21,"POR","SF",42,23,1088,145,315,0.46,51,154,0.331,94,161,0.584,0.541,69,94,0.734,58,178,236,54,25,36,40,82,410,0,NA,"littlna01"
"336","Nate Hinton",610,2021,"96213","104929",797,22,"IND","SG",2,0,2,0,1,0,0,0,NA,0,1,0,0,0,0,NA,0,0,0,0,0,0,1,0,0,0,NA,"hintona01"
"337","Nathan Knight",523,2021,"462629","504542",519,24,"MIN","PF",37,2,267,45,88,0.511,4,13,0.308,41,75,0.547,0.534,44,60,0.733,32,53,85,22,7,8,18,42,138,0,NA,"knighna01"
"338","Naz Reid",399,2021,"1782621","1944122",210,22,"MIN","C",77,6,1215,233,476,0.489,57,166,0.343,176,310,0.568,0.549,114,149,0.765,102,199,301,71,40,71,82,172,637,0,NA,"reidna01"
"339","Neemias Queta",527,2021,"462629","504542",633,22,"SAC","C",15,0,120,17,38,0.447,0,0,NA,17,38,0.447,0.447,11,17,0.647,14,17,31,6,1,8,6,18,45,0,NA,"quetane01"
"340","Nemanja Bjelica",350,2021,"2089448","2278746",302,33,"GSW","C",71,0,1143,160,342,0.468,54,149,0.362,106,193,0.549,0.547,59,81,0.728,62,232,294,159,41,26,87,128,433,0,NA,"bjeline01"
"341","Nerlens Noel",145,2021,"8800000","9597258",574,27,"NYK","C",25,11,562,32,60,0.533,0,3,0,32,57,0.561,0.533,21,30,0.7,48,93,141,23,30,31,20,67,85,0,NA,"noelne01"
"342","Nick Richards",429,2021,"1517981","1655506",510,24,"CHO","C",50,5,367,60,90,0.667,0,0,NA,60,90,0.667,0.667,30,43,0.698,34,52,86,13,9,21,24,51,150,0,NA,"richani01"
"343","Nicolas Batum",109,2021,"12026998","13116613",278,33,"LAC","PF",59,54,1463,179,387,0.463,108,270,0.4,71,117,0.607,0.602,25,38,0.658,29,225,254,100,58,42,40,80,491,0,NA,"batumni01"
"344","Norvel Pelle",576,2021,"191860","209242",748,28,"UTA","C",3,0,19,3,5,0.6,0,0,NA,3,5,0.6,0.6,0,0,NA,3,3,6,0,0,1,2,1,6,0,NA,"pelleno01"
"345","Obi Toppin",209,2021,"5105160","5567675",206,23,"NYK","PF",72,10,1230,251,473,0.531,52,169,0.308,199,304,0.655,0.586,94,124,0.758,69,199,268,77,25,33,56,102,648,0,NA,"toppiob01"
"346","OG Anunoby",79,2021,"16071429","17527461",145,24,"TOR","SF",48,48,1728,309,697,0.443,115,317,0.363,194,380,0.511,0.526,89,118,0.754,74,190,264,125,71,25,80,131,822,0,NA,"anunoog01"
"347","Olivier Sarr",565,2021,"223339","243572",507,22,"OKC","C",22,2,421,58,101,0.574,13,29,0.448,45,72,0.625,0.639,24,29,0.828,34,59,93,19,6,15,22,52,153,0,NA,"sarrol01"
"348","Omer Yurtseven",447,2021,"1489065","1623970",391,23,"MIA","C",56,12,706,130,247,0.526,1,11,0.091,129,236,0.547,0.528,38,61,0.623,85,209,294,49,17,20,41,84,299,0,NA,"yurtsom01"
"349","Onyeka Okongwu",185,2021,"6104280","6657312",325,21,"ATL","C",48,6,992,156,226,0.69,0,0,NA,156,226,0.69,0.69,80,110,0.727,115,168,283,53,31,60,44,149,392,0,NA,"okongon01"
"350","Oshae Brissett",415,2021,"1701593","1855753",219,23,"IND","SF",67,25,1564,208,506,0.411,83,237,0.35,125,269,0.465,0.493,114,164,0.695,108,250,358,72,44,29,54,116,613,0,NA,"brissos01"
"351","Paris Bass",606,2021,"106352","115987",746,26,"PHO","SF",2,0,7,2,6,0.333,0,2,0,2,4,0.5,0.333,2,2,1,2,2,4,0,1,0,2,2,6,0,NA,"basspa01"
"352","Pascal Siakam",20,2021,"33003936","35994012",18,27,"TOR","PF",68,68,2578,596,1207,0.494,75,218,0.344,521,989,0.527,0.525,284,379,0.749,128,452,580,360,85,42,181,225,1551,2,"NBA3","siakapa01"
"353","Pat Connaughton",200,2021,"5333334","5816521",209,29,"MIL","SF",65,19,1691,227,496,0.458,146,370,0.395,81,126,0.643,0.605,45,54,0.833,45,228,273,82,59,15,35,86,645,0,NA,"connapa01"
"354","Patrick Beverley",89,2021,"14320987","15618433",260,33,"MIN","PG",58,54,1476,177,436,0.406,83,242,0.343,94,194,0.485,0.501,96,133,0.722,62,178,240,268,67,52,73,174,533,0,NA,"beverpa01"
"355","Patrick Williams",169,2021,"7422000","8094415",508,20,"CHI","PF",17,9,422,54,102,0.529,15,29,0.517,39,73,0.534,0.603,30,41,0.732,17,52,69,15,9,9,16,28,153,0,NA,"willipa01"
"356","Paul George",6,2021,"39344970","42909529",164,31,"LAC","PF",31,31,1077,268,636,0.421,91,257,0.354,177,379,0.467,0.493,127,148,0.858,12,201,213,176,67,13,126,74,754,0,NA,"georgpa01"
"357","Paul Reed",437,2021,"1517981","1655506",537,22,"PHI","C",38,2,302,54,96,0.563,2,8,0.25,52,88,0.591,0.573,6,14,0.429,44,48,92,16,33,14,10,57,116,0,NA,"reedpa01"
"358","Paul Watson",549,2021,"303102","330562",657,27,"OKC","SF",9,3,156,12,35,0.343,6,26,0.231,6,9,0.667,0.429,1,2,0.5,3,24,27,8,3,3,4,10,31,0,NA,"watsopa01"
"359","Payton Pritchard",347,2021,"2137440","2331086",301,24,"BOS","PG",71,2,1001,160,373,0.429,101,245,0.412,59,128,0.461,0.564,21,21,1,32,102,134,139,25,6,41,61,442,0,NA,"pritcpa01"
"360","Petr Cornelie",571,2021,"218021","237773",717,26,"DEN","PF",13,0,38,5,15,0.333,1,8,0.125,4,7,0.571,0.367,3,4,0.75,7,7,14,3,1,1,4,7,14,0,NA,"cornepe01"
"361","PJ Dozier",376,2021,"1910860","2083979",555,25,"DEN","SG",18,0,340,36,99,0.364,15,48,0.313,21,51,0.412,0.439,10,13,0.769,14,49,63,29,11,6,13,33,97,0,NA,"doziepj01"
"362","Precious Achiuwa",293,2021,"2711280","2956915",197,22,"TOR","C",73,28,1725,265,603,0.439,56,156,0.359,209,447,0.468,0.486,78,131,0.595,146,327,473,82,37,41,84,151,664,0,NA,"achiupr01"
"363","Quentin Grimes",343,2021,"2168640","2365113",411,21,"NYK","SG",46,6,786,95,235,0.404,72,189,0.381,23,46,0.5,0.557,13,19,0.684,24,70,94,44,31,11,28,72,275,0,NA,"grimequ01"
"364","Quinndary Weatherspoon",540,2021,"346491","377882",661,25,"GSW","SG",11,0,73,12,21,0.571,1,5,0.2,11,16,0.688,0.595,5,5,1,2,12,14,5,1,1,3,15,30,0,NA,"weathqu01"
"365","Raul Neto",352,2021,"2089448","2278746",263,29,"WAS","PG",70,19,1372,204,441,0.463,35,120,0.292,169,321,0.526,0.502,83,108,0.769,13,121,134,217,55,3,79,104,526,0,NA,"netora01"
"366","Reggie Bullock",137,2021,"9536000","10399938",235,30,"DAL","SF",68,37,1902,201,501,0.401,141,392,0.36,60,109,0.55,0.542,40,48,0.833,33,208,241,83,41,14,40,111,583,0,NA,"bullore01"
"367","Reggie Jackson",121,2021,"10384500","11325310",53,31,"LAC","SG",75,75,2337,479,1222,0.392,167,512,0.326,312,710,0.439,0.46,138,163,0.847,39,232,271,359,55,15,173,159,1263,0,NA,"jacksre01"
"368","Richaun Holmes",122,2021,"10384500","11325310",289,28,"SAC","C",45,37,1074,198,300,0.66,2,5,0.4,196,295,0.664,0.663,70,90,0.778,93,224,317,48,17,41,56,128,468,0,NA,"holmeri01"
"369","Ricky Rubio",69,2021,"17800000","19412636",299,31,"CLE","PG",34,8,970,149,411,0.363,59,174,0.339,90,237,0.38,0.434,88,103,0.854,15,126,141,225,49,7,90,75,445,0,NA,"rubiori01"
"370","RJ Barrett",150,2021,"8623920","9405226",30,21,"NYK","SF",70,70,2417,487,1194,0.408,138,404,0.342,349,790,0.442,0.466,290,406,0.714,66,342,408,208,43,16,151,142,1402,0,NA,"barrerj01"
"371","Rob Edwards",639,2021,"53176","57993",773,25,"OKC","SG",2,0,11,1,4,0.25,1,4,0.25,0,0,NA,0.375,0,0,NA,0,3,3,0,0,0,1,0,3,0,NA,"edwarro01"
"372","Robert Williams",264,2021,"3661976","3993742",222,24,"BOS","C",61,61,1804,271,368,0.736,0,1,0,271,367,0.738,0.736,65,90,0.722,238,350,588,121,56,134,63,137,607,1,"DPOY-7","williro04"
"373","Robin Lopez",215,2021,"5000000","5452987",423,33,"ORL","C",36,9,612,110,199,0.553,2,6,0.333,108,193,0.56,0.558,32,54,0.593,68,58,126,54,2,18,44,67,254,0,NA,"lopezro01"
"374","Rodney McGruder",371,2021,"1939350","2115050",415,30,"DET","SG",51,2,754,98,225,0.436,58,146,0.397,40,79,0.506,0.564,19,26,0.731,31,80,111,48,21,7,24,58,273,0,NA,"mcgruro01"
"375","Royce O'Neale",146,2021,"8800000","9597258",241,28,"UTA","SF",77,77,2406,203,444,0.457,119,306,0.389,84,138,0.609,0.591,45,56,0.804,64,304,368,191,86,32,79,183,570,0,NA,"onealro01"
"376","Rudy Gay",190,2021,"5890000","6423619",298,35,"UTA","PF",55,1,1038,157,379,0.414,70,203,0.345,87,176,0.494,0.507,62,79,0.785,55,187,242,56,25,19,47,95,446,0,NA,"gayru01"
"377","Rudy Gobert",15,2021,"35344828","38546983",86,29,"UTA","C",66,66,2120,362,508,0.713,0,4,0,362,504,0.718,0.713,303,439,0.69,241,727,968,72,45,137,119,176,1027,0,"DPOY-3AS","goberru01"
"378","Rui Hachimura",218,2021,"4916160","5361552",283,23,"WAS","PF",42,13,943,187,381,0.491,55,123,0.447,132,258,0.512,0.563,46,66,0.697,25,135,160,48,23,9,33,53,475,0,NA,"hachiru01"
"379","Russell Westbrook",3,2021,"44211146","48216568",23,33,"LAL","PG",78,78,2678,548,1233,0.444,79,265,0.298,469,968,0.485,0.476,266,399,0.667,110,470,580,550,75,20,295,235,1441,10,NA,"westbru01"
"380","Ryan Arcidiacono",486,2021,"774727","844915",712,27,"NYK","PG",10,0,76,6,12,0.5,4,9,0.444,2,3,0.667,0.667,0,0,NA,0,8,8,4,1,0,3,5,16,0,NA,"arcidry01"
"381","Saben Lee",446,2021,"1489065","1623970",449,22,"DET","PG",37,0,604,69,177,0.39,14,60,0.233,55,117,0.47,0.429,56,71,0.789,18,69,87,107,36,12,36,44,208,0,NA,"leesa01"
"382","Saddiq Bey",290,2021,"2824320","3080196",39,22,"DET","SF",82,82,2704,450,1136,0.396,211,610,0.346,239,526,0.454,0.489,210,254,0.827,107,334,441,233,73,16,96,128,1321,0,NA,"beysa01"
"383","Sam Dekker",539,2021,"350000","381709",792,27,"TOR","PF",1,0,1,0,0,NA,0,0,NA,0,0,NA,NA,0,0,NA,0,0,0,0,0,0,0,0,0,0,NA,"dekkesa01"
"384","Sam Hauser",494,2021,"619498","675623",611,24,"BOS","SF",26,0,158,23,50,0.46,19,44,0.432,4,6,0.667,0.65,0,0,NA,5,24,29,10,1,2,2,7,65,0,NA,"hausesa01"
"385","Sam Merrill",433,2021,"1517981","1655506",681,25,"MEM","SG",6,0,58,8,24,0.333,7,23,0.304,1,1,1,0.479,2,4,0.5,1,6,7,4,0,0,2,3,25,0,NA,"merrisa01"
"386","Sandro Mamukelashvili",521,2021,"462629","504542",506,22,"MIL","PF",41,3,407,57,115,0.496,22,52,0.423,35,63,0.556,0.591,18,22,0.818,35,47,82,22,9,9,15,28,154,0,NA,"mamuksa01"
"387","Scottie Barnes",171,2021,"7280400","7939986",72,20,"TOR","PF",74,74,2617,459,932,0.492,58,193,0.301,401,739,0.543,0.524,158,215,0.735,195,362,557,256,80,55,136,192,1134,0,"ROY-1","barnesc01"
"388","Scottie Lewis",512,2021,"462629","504542",788,21,"CHO","SG",2,0,7,0,0,NA,0,0,NA,0,0,NA,NA,1,2,0.5,0,0,0,1,1,0,0,0,1,0,NA,"lewissc01"
"389","Scotty Hopson",614,2021,"95930","104621",767,32,"OKC","SG",1,0,18,2,4,0.5,0,1,0,2,3,0.667,0.5,0,0,NA,0,1,1,1,0,0,2,1,4,0,NA,"hopsosc01"
"390","Sekou Doumbouya",260,2021,"3799131","4143322",718,21,"LAL","PF",2,0,16,5,8,0.625,1,2,0.5,4,6,0.667,0.688,3,4,0.75,2,4,6,0,3,2,2,1,14,0,NA,"doumbse01"
"391","Shai Gilgeous-Alexander",196,2021,"5495532","5993413",32,23,"OKC","PG",56,56,1942,477,1052,0.453,89,297,0.3,388,755,0.514,0.496,328,405,0.81,37,241,278,331,71,46,154,142,1371,1,NA,"gilgesh01"
"392","Shake Milton",381,2021,"1846738","2014047",297,25,"PHI","SG",55,6,1179,173,403,0.429,43,133,0.323,130,270,0.481,0.483,61,73,0.836,30,112,142,139,28,17,44,99,450,0,NA,"miltosh01"
"393","Shaq Buchanan",634,2021,"53176","57993",778,25,"MEM","SG",2,0,10,1,4,0.25,0,2,0,1,2,0.5,0.25,0,0,NA,1,1,2,2,1,0,2,1,2,0,NA,"buchash01"
"394","Shaquille Harrison",545,2021,"308493","336441",766,28,"BRK","SG",2,0,23,2,6,0.333,0,2,0,2,4,0.5,0.333,0,0,NA,1,3,4,3,1,1,2,3,4,0,NA,"harrish01"
"395","Sharife Cooper",509,2021,"462629","504542",743,20,"ATL","PG",13,0,39,3,14,0.214,1,6,0.167,2,8,0.25,0.25,0,0,NA,0,5,5,5,0,0,5,1,7,0,NA,"coopesh01"
"396","Skylar Mays",503,2021,"510907","557193",581,24,"ATL","SG",28,5,220,32,64,0.5,8,25,0.32,24,39,0.615,0.563,8,9,0.889,5,20,25,17,7,0,10,9,80,0,NA,"mayssk01"
"397","Solomon Hill",325,2021,"2389641","2606136",737,30,"ATL","SF",13,1,139,3,20,0.15,2,13,0.154,1,7,0.143,0.2,0,0,NA,6,17,23,12,4,2,1,16,8,0,NA,"hillso01"
"398","Stanley Johnson",449,2021,"1368998","1493025",379,25,"LAL","PF",48,27,1094,117,251,0.466,33,105,0.314,84,146,0.575,0.532,53,74,0.716,34,121,155,80,43,14,35,109,320,0,NA,"johnsst04"
"399","Stephen Curry",0,2021,"45780966","49928610",14,33,"GSW","PG",64,64,2211,535,1224,0.437,285,750,0.38,250,474,0.527,0.554,275,298,0.923,34,301,335,404,85,23,206,130,1630,2,"MVP-8ASNBA2","curryst01"
"400","Sterling Brown",284,2021,"3000000","3271792",499,26,"DAL","SG",49,3,628,59,155,0.381,28,92,0.304,31,63,0.492,0.471,14,15,0.933,26,123,149,34,14,7,23,56,160,0,NA,"brownst02"
"401","Steven Adams",75,2021,"17073171","18619958",261,28,"MEM","C",76,75,1999,210,384,0.547,0,1,0,210,383,0.548,0.547,108,199,0.543,349,411,760,256,65,60,115,153,528,0,NA,"adamsst01"
"402","Tacko Fall",570,2021,"218021","237773",730,26,"CLE","C",11,1,59,5,12,0.417,0,0,NA,5,12,0.417,0.417,2,7,0.286,7,16,23,2,0,6,3,3,12,0,NA,"fallta01"
"403","Taj Gibson",220,2021,"4910000","5354834",435,36,"NYK","C",52,4,946,86,166,0.518,15,38,0.395,71,128,0.555,0.563,42,52,0.808,88,141,229,32,22,40,27,137,229,0,NA,"gibsota01"
"404","Talen Horton-Tucker",139,2021,"9500000","10360677",229,21,"LAL","SG",60,19,1511,224,538,0.416,49,182,0.269,175,356,0.492,0.462,100,125,0.8,37,156,193,159,59,29,82,148,597,0,NA,"hortota01"
"405","Taurean Prince",97,2021,"13334375","14542437",273,27,"MIN","PF",69,8,1177,177,390,0.454,86,229,0.376,91,161,0.565,0.564,62,82,0.756,26,148,174,68,47,23,53,116,502,0,NA,"princta02"
"406","Terance Mann",397,2021,"1782621","1944122",129,25,"LAC","SF",81,33,2317,334,690,0.484,76,208,0.365,258,482,0.535,0.539,128,164,0.78,104,321,425,209,55,21,84,178,872,0,NA,"mannte01"
"407","Terence Davis",252,2021,"4000000","4362390",383,24,"SAC","SG",30,11,536,113,267,0.423,49,149,0.329,64,118,0.542,0.515,36,44,0.818,11,83,94,40,25,11,33,70,311,0,NA,"daviste02"
"408","Terrence Ross",105,2021,"12500000","13632469",215,30,"ORL","SG",63,0,1448,220,554,0.397,77,264,0.292,143,290,0.493,0.467,112,130,0.862,20,141,161,116,28,12,75,68,629,0,NA,"rosste01"
"409","Terry Rozier",68,2021,"17905263","19527436",28,27,"CHO","SG",73,73,2458,518,1167,0.444,222,593,0.374,296,574,0.516,0.539,150,176,0.852,56,259,315,326,93,25,96,119,1408,1,NA,"roziete01"
"410","Terry Taylor",479,2021,"895125","976221",381,22,"IND","PF",33,7,714,135,220,0.614,12,38,0.316,123,182,0.676,0.641,36,51,0.706,95,77,172,41,14,8,23,61,318,0,NA,"taylote01"
"411","Thanasis Antetokounmpo",409,2021,"1729217","1885879",483,29,"MIL","SF",48,6,473,70,128,0.547,2,14,0.143,68,114,0.596,0.555,29,46,0.63,40,61,101,22,16,12,26,68,171,0,NA,"antetth01"
"412","Theo Pinson",533,2021,"440710","480637",630,26,"DAL","SF",19,0,148,14,39,0.359,10,30,0.333,4,9,0.444,0.487,10,10,1,2,19,21,17,5,2,5,12,48,0,NA,"pinsoth01"
"413","Thomas Bryant",149,2021,"8666667","9451846",456,24,"WAS","C",27,9,439,77,148,0.52,12,42,0.286,65,106,0.613,0.561,35,40,0.875,26,82,108,23,6,21,19,43,201,0,NA,"bryanth01"
"414","Tobias Harris",12,2021,"35995950","39257095",54,29,"PHI","PF",73,73,2543,493,1022,0.482,101,275,0.367,392,747,0.525,0.532,170,202,0.842,77,419,496,252,47,43,116,164,1257,1,NA,"harrito02"
"415","Tony Bradley",384,2021,"1789256","1951358",491,24,"CHI","C",55,7,549,72,123,0.585,0,0,NA,72,123,0.585,0.585,19,29,0.655,67,119,186,27,10,33,34,62,163,0,NA,"bradlto01"
"416","Trae Young",156,2021,"8326471","9080829",1,23,"ATL","PG",76,76,2652,711,1544,0.46,233,610,0.382,478,934,0.512,0.536,500,553,0.904,50,234,284,737,72,7,303,128,2155,0,"ASNBA3","youngtr01"
"417","Trayvon Palmer",630,2021,"53176","57993",809,27,"DET","SG",1,0,17,0,1,0,0,0,NA,0,1,0,0,0,0,NA,0,2,2,0,0,0,1,2,0,0,NA,"palmetr01"
"418","Tre Jones",442,2021,"1517981","1655506",310,22,"SAS","PG",69,11,1148,166,339,0.49,10,51,0.196,156,288,0.542,0.504,71,91,0.78,29,126,155,233,42,7,46,78,413,0,NA,"jonestr01"
"419","Tre Mann",287,2021,"2901240","3164085",217,20,"OKC","PG",60,26,1367,231,588,0.393,98,272,0.36,133,316,0.421,0.476,65,82,0.793,25,146,171,91,47,12,71,102,625,0,NA,"manntr01"
"420","Tre Scott",629,2021,"53176","57993",749,25,"CLE","SF",2,0,11,3,6,0.5,0,1,0,3,5,0.6,0.5,0,0,NA,1,1,2,0,1,1,0,2,6,0,NA,"scotttr01"
"421","Trendon Watford",487,2021,"768830","838484",344,21,"POR","SF",48,10,869,142,267,0.532,9,38,0.237,133,229,0.581,0.549,71,94,0.755,57,142,199,81,25,28,44,116,364,0,NA,"watfotr01"
"422","Trent Forrest",508,2021,"463211","505176",465,23,"UTA","PG",60,6,765,76,155,0.49,5,27,0.185,71,128,0.555,0.506,38,48,0.792,23,76,99,106,30,6,48,43,195,0,NA,"forretr01"
"423","Trevelin Queen",548,2021,"303102","330562",636,24,"HOU","SG",10,0,74,15,33,0.455,9,24,0.375,6,9,0.667,0.591,4,4,1,7,9,16,4,5,1,7,6,43,0,NA,"queentr01"
"424","Trevor Ariza",304,2021,"2641691","2881021",556,36,"LAL","SF",24,11,462,33,99,0.333,20,74,0.27,13,25,0.52,0.434,10,18,0.556,10,72,82,27,13,6,11,20,96,0,NA,"arizatr01"
"425","Trey Burke",279,2021,"3150000","3435382",445,29,"DAL","PG",42,0,441,84,215,0.391,26,82,0.317,58,133,0.436,0.451,20,23,0.87,4,29,33,57,12,0,26,39,214,0,NA,"burketr01"
"426","Ty Jerome",317,2021,"2412840","2631437",359,24,"OKC","SG",48,4,801,124,328,0.378,54,186,0.29,70,142,0.493,0.46,38,47,0.809,19,59,78,109,30,5,37,73,340,0,NA,"jeromty01"
"427","Tyler Cook",514,2021,"462629","504542",609,24,"CHI","PF",20,2,200,23,38,0.605,0,0,NA,23,38,0.605,0.605,21,32,0.656,16,37,53,3,4,4,7,28,67,0,NA,"cookty01"
"428","Tyler Hall",638,2021,"53176","57993",796,24,"NYK","SG",1,0,2,0,0,NA,0,0,NA,0,0,NA,NA,0,0,NA,0,0,0,0,0,0,0,0,0,0,NA,"hallty01"
"429","Tyler Herro",249,2021,"4004280","4367058",37,22,"MIA","SG",66,10,2151,501,1122,0.447,175,439,0.399,326,683,0.477,0.525,190,219,0.868,32,297,329,263,44,8,174,95,1367,0,"6MOY-1","herroty01"
"430","Tyrell Terry",378,2021,"1869438","2038804",786,21,"MEM","PG",2,0,3,1,1,1,0,0,NA,1,1,1,1,0,0,NA,0,0,0,0,0,0,0,1,2,0,NA,"terryty01"
"431","Tyrese Maxey",311,2021,"2602920","2838738",42,21,"PHI","PG",75,74,2650,483,995,0.485,132,309,0.427,351,686,0.512,0.552,213,246,0.866,26,214,240,321,55,32,88,156,1311,0,NA,"maxeyty01"
"432","Tyrone Wallace",575,2021,"198760","216767",708,27,"NOP","SG",6,0,75,7,20,0.35,2,8,0.25,5,12,0.417,0.4,1,5,0.2,0,8,8,1,3,1,2,7,17,0,NA,"wallaty01"
"433","Tyus Jones",155,2021,"8376286","9135157",214,25,"MEM","PG",73,23,1549,249,552,0.451,80,205,0.39,169,347,0.487,0.524,54,66,0.818,17,159,176,324,66,2,46,32,632,0,"6MOY-11","jonesty01"
"434","Udoka Azubuike",353,2021,"2075880","2263949",580,22,"UTA","C",17,6,195,37,49,0.755,0,0,NA,37,49,0.755,0.755,6,11,0.545,18,53,71,0,1,11,12,25,80,0,NA,"azubuud01"
"435","Udonis Haslem",306,2021,"2641691","2881021",655,41,"MIA","C",13,0,83,14,31,0.452,1,4,0.25,13,27,0.481,0.468,3,3,1,4,21,25,4,1,1,5,15,32,0,NA,"hasleud01"
"436","Usman Garuba",328,2021,"2353320","2566525",629,19,"HOU","PF",24,2,240,19,44,0.432,5,20,0.25,14,24,0.583,0.489,5,7,0.714,21,62,83,17,10,11,6,28,48,0,NA,"garubus01"
"437","Victor Oladipo",323,2021,"2389641","2606136",550,29,"MIA","SG",8,1,173,35,73,0.479,15,36,0.417,20,37,0.541,0.582,14,19,0.737,3,20,23,28,5,1,16,13,99,0,NA,"oladivi01"
"438","Vit Krejci",471,2021,"925258","1009084",468,21,"OKC","SG",30,8,690,68,167,0.407,32,98,0.327,36,69,0.522,0.503,19,22,0.864,18,83,101,57,19,8,29,65,187,0,NA,"krejcvi01"
"439","Wayne Ellington",303,2021,"2641691","2881021",401,34,"LAL","SG",43,9,810,98,237,0.414,82,211,0.389,16,26,0.615,0.586,9,11,0.818,10,67,77,30,23,5,19,42,287,0,NA,"ellinwa01"
"440","Wayne Selden",484,2021,"812363","885961",756,27,"NYK","SG",3,0,19,1,4,0.25,1,2,0.5,0,2,0,0.375,2,4,0.5,0,1,1,1,0,0,0,1,5,0,NA,"seldewa01"
"441","Wesley Matthews",369,2021,"1958495","2135929",425,35,"MIL","SG",49,14,1002,87,220,0.395,53,157,0.338,34,63,0.54,0.516,22,28,0.786,30,62,92,36,23,8,18,87,249,0,NA,"matthwe02"
"442","Will Barton",85,2021,"15625000","17040587",81,31,"DEN","SG",71,71,2277,392,896,0.438,157,430,0.365,235,466,0.504,0.525,102,127,0.803,44,296,340,276,55,31,127,114,1043,0,NA,"bartowi01"
"443","Xavier Moon",574,2021,"202069","220375",616,27,"LAC","SG",10,0,137,25,51,0.49,5,14,0.357,20,37,0.541,0.539,3,5,0.6,2,12,14,24,7,3,6,9,58,0,NA,"moonxa01"
"444","Yuta Watanabe",406,2021,"1762796","1922501",492,27,"TOR","SF",38,4,445,56,138,0.406,27,79,0.342,29,59,0.492,0.504,24,40,0.6,18,74,92,21,11,16,19,38,163,0,NA,"watanyu01"
"445","Yves Pons",520,2021,"462629","504542",727,22,"MEM","SF",12,0,71,5,16,0.313,3,9,0.333,2,7,0.286,0.406,0,2,0,5,7,12,1,1,4,1,6,13,0,NA,"ponsyv01"
"446","Zach Collins",175,2021,"7000000","7634183",440,24,"SAS","C",28,4,502,76,155,0.49,14,41,0.341,62,114,0.544,0.535,52,65,0.8,46,107,153,61,13,23,45,67,218,0,NA,"colliza01"
"447","Zach LaVine",58,2021,"19500000","21266652",13,26,"CHI","SG",67,67,2328,565,1186,0.476,185,475,0.389,380,711,0.534,0.554,320,375,0.853,22,286,308,303,41,23,171,120,1635,0,"AS","lavinza01"
"448","Zavier Simpson",650,2021,"37223","40595",634,24,"OKC","PG",4,4,174,19,52,0.365,1,8,0.125,18,44,0.409,0.375,5,5,1,2,19,21,30,5,4,10,15,44,0,NA,"simpsza01"
"449","Zeke Nnaji",315,2021,"2498760","2725141",416,21,"DEN","PF",41,1,698,96,186,0.516,37,80,0.463,59,106,0.557,0.616,41,65,0.631,56,91,147,17,16,13,23,79,270,0,NA,"nnajize01"
"450","Ziaire Williams",235,2021,"4373040","4769226",274,20,"MEM","SF",62,31,1346,191,424,0.45,76,242,0.314,115,182,0.632,0.54,43,55,0.782,26,103,129,65,35,12,41,113,501,0,NA,"willizi02"
"451","Zylan Cheatham",560,2021,"256734","279993",791,26,"UTA","SF",1,0,5,0,3,0,0,2,0,0,1,0,0,0,0,NA,0,0,0,0,0,0,0,0,0,0,NA,"cheatzy01"
